high;low;open;close;volume;adj close;Day;adj close;close_-1_s;close_-1_d;closepm;closenm;closepm_14_smma;closenm_14_smma;rsi_14;Price difference;Buy Sell
18,90500069;18,07500076;18,17499924;18,90500069;2750582;18,27375603;0,73000145;18,27375603;18,00499916;0,900001526;0,900001526;0;0,466667458;0,055371179;89,3932796;0,73000145;BUY
19,41500092;18,94000053;18,94000053;19,38500023;2536729;18,73772812;0,444999695;18,73772812;18,90500069;0,479999542;0,479999542;0;0,471444585;0,035530683;92,99163384;0,444999695;BUY
19,88500023;19,26499939;19,37999916;19,63500023;3261137;18,97937965;0,255001068;18,97937965;19,38500023;0,25;0,25;0;0,409786144;0,025637614;94,11203139;0,255001068;BUY
20,27000046;19,56999969;19,875;19,79500008;2997551;19,13403702;-0,079999924;19,13403702;19,63500023;0,159999847;0,159999847;0;0,352164497;0,019723433;94,69640423;-0,079999924;SELL
20,06999969;19,39500046;19,59499931;20,06999969;2446236;19,39985466;0,475000382;19,39985466;19,79500008;0,274999619;0,274999619;0;0,33680922;0,015798606;95,51949657;0,475000382;BUY
20,44000053;19,93499947;20,15999985;20,30999947;2658444;19,63183975;0,149999619;19,63183975;20,06999969;0,239999771;0,239999771;0;0,319724245;0,013010461;96,0898396;0,149999619;BUY
20,5;19,95000076;20,06999969;20,37000084;1869685;19,68983841;0,300001144;19,68983841;20,30999947;0,060001373;0,060001373;0;0,278245641;0,010932647;96,21940946;0,300001144;BUY
20,86000061;20,12999916;20,59000015;20,63999939;3648430;19,95082092;0,049999237;19,95082092;20,37000084;0,26999855;0,26999855;0;0,277035388;0,009328291;96,742502;0,049999237;BUY
21,37999916;20,59000015;20,61000061;21,31999969;4033171;20,60811615;0,709999085;20,60811615;20,63999939;0,680000305;0,680000305;0;0,332028044;0,008055258;97,63138665;0,709999085;BUY
21,30999947;20,84000015;21,20000076;21,09000015;2482361;20,3857975;-0,11000061;20,3857975;21,31999969;-0,229999542;0;0,229999542;0,289483322;0,036494295;88,80466228;-0,11000061;SELL
21,59000015;21,06999969;21,29999924;21,32999992;2406143;20,61778259;0,030000687;20,61778259;21,09000015;0,239999771;0,239999771;0;0,283482966;0,032069011;89,83717;0,030000687;BUY
21,38999939;21,19000053;21,30999947;21,25;1263187;20,54045486;-0,059999466;20,54045486;21,32999992;-0,079999924;0;0,079999924;0,250739568;0,03760522;86,9582453;-0,059999466;SELL
21,37000084;21,09000015;21,14999962;21,34000015;1756827;20,62744904;0,190000534;20,62744904;21,25;0,090000153;0,090000153;0;0,232957294;0,033445031;87,4456685;0,190000534;BUY
21,28000069;20,88999939;21,23999977;21;3242209;20,29880142;-0,239999771;20,29880142;21,34000015;-0,340000153;0;0,340000153;0,208157826;0,066079355;75,90430495;-0,239999771;SELL
21,56999969;20,79000092;20,86000061;21,56999969;2130007;20,84976959;0,709999085;20,84976959;21;0,569999695;0,569999695;0;0,245374146;0,059282932;80,54109482;0,709999085;BUY
21,95000076;21,69000053;21,69000053;21,93000031;2518674;21,19774818;0,239999771;21,19774818;21,56999969;0,36000061;0,36000061;0;0,256804569;0,053371304;82,79321236;0,239999771;BUY
21,98999977;21,55999947;21,73999977;21,57999992;2014747;20,85943413;-0,159999847;20,85943413;21,93000031;-0,350000382;0;0,350000382;0,231900838;0,082137034;73,8448635;-0,159999847;SELL
22,04000092;21,19000053;21,51000023;21,69000053;2281409;20,96576309;0,180000305;20,96576309;21,57999992;0,11000061;0,11000061;0;0,220373986;0,074370179;74,76788761;0,180000305;BUY
22,22999954;21,59000015;21,87999916;21,98999977;2476121;21,25574493;0,11000061;21,25574493;21,86000061;0,129999161;0,129999161;0;0,207958902;0,061386836;77,20890751;0,11000061;BUY
22,42000008;22,02000046;22,20000076;22,23999977;1929049;21,49739647;0,039999008;21,49739647;21,98999977;0,25;0,25;0;0,211693228;0,055934114;79,10000027;0,039999008;BUY
22,35000038;21,71999931;22,22999954;21,88999939;1765704;21,15908432;-0,340000153;21,15908432;22,23999977;-0,350000382;0;0,350000382;0,193210986;0,081608076;70,30479776;-0,340000153;SELL
22,07999992;21,67000008;21,98999977;21,92000008;1369292;21,18808174;-0,069999695;21,18808174;21,88999939;0,030000687;0,030000687;0;0,179184346;0,074594505;70,60649277;-0,069999695;SELL
21,90999985;21,48999977;21,80999947;21,55999947;2700591;20,84010315;-0,25;20,84010315;21,92000008;-0,36000061;0;0,36000061;0,164005167;0,09877201;62,41225701;-0,25;SELL
21,62999916;20,92000008;21,47999954;20,92000008;3709449;20,22147369;-0,559999466;20,22147369;21,55999947;-0,63999939;0;0,63999939;0,150293996;0,144019737;51,06591352;-0,559999466;SELL
21,13999939;20,51000023;20,80999947;20,62000084;2538835;19,93148994;-0,189998627;19,93148994;20,92000008;-0,299999237;0;0,299999237;0,137880227;0,156903109;46,77341284;-0,189998627;SELL
21,20000076;20,73999977;20,75;21,07999992;2368848;20,37613106;0,329999924;20,37613106;20,62000084;0,459999085;0,459999085;0;0,164192288;0,144086585;53,26096036;0,329999924;BUY
21,89999962;21,5;21,63999939;21,68000031;2976075;20,95609665;0,040000916;20,95609665;21,07999992;0,600000382;0,600000382;0;0,199429593;0,13243645;60,09340132;0,040000916;BUY
21,87999916;21,36000061;21,79999924;21,38999939;2408846;20,67577934;-0,409999847;20,67577934;21,68000031;-0,290000916;0;0,290000916;0,183455277;0,145057369;55,8442055;-0,409999847;SELL
21,68000031;20,87000084;21,46999931;20,93000031;2512137;20,23113823;-0,539999008;20,23113823;21,38999939;-0,459999085;0;0,459999085;0,168886833;0,170067337;49,82586089;-0,539999008;SELL
21,36000061;20,37000084;20,54999924;21,29000092;3170530;20,57911873;0,740001679;20,57911873;20,93000031;0,36000061;0,36000061;0;0,183943256;0,156669005;54,00370948;0,740001679;BUY
21,46999931;21,07999992;21,22999954;21,37000084;1770806;20,65644836;0,140001297;20,65644836;21,29000092;0,079999924;0,079999924;0;0,175814121;0,144416333;54,90237374;0,140001297;BUY
21,68000031;21,23999977;21,30999947;21,56999969;1746433;20,84976959;0,260000229;20,84976959;21,37000084;0,199998856;0,199998856;0;0,17769281;0,133197958;57,15602661;0,260000229;BUY
22,20000076;21,61000061;21,67000008;22,18000031;2970438;21,43940163;0,510000229;21,43940163;21,56999969;0,61000061;0,61000061;0;0,211066166;0,122915324;63,19696513;0,510000229;BUY
22,40999985;22,13999939;22,23999977;22,35000038;2014598;21,60372543;0,11000061;21,60372543;22,18000031;0,170000076;0,170000076;0;0,207914126;0,113480923;64,69114156;0,11000061;BUY
22,46999931;22,12999916;22,23999977;22,30999947;1546664;21,56505966;0,069999695;21,56505966;22,35000038;-0,040000916;0;0,040000916;0,192040173;0,107870827;64,0323873;0,069999695;BUY
22,87000084;22,36000061;22,5;22,76000023;2635966;22,00003433;0,260000229;22,00003433;22,30999947;0,450000763;0,450000763;0;0,211638678;0,099675362;67,98237498;0,260000229;BUY
22,54999924;21,56999969;22,52000046;22,09000015;5070481;21,35240555;-0,430000305;21,35240555;22,76000023;-0,670000076;0;0,670000076;0,19563224;0,142809572;57,80380352;-0,430000305;SELL
22,68000031;21,87999916;22;22,5;3406373;21,74871635;0,5;21,74871635;22,09000015;0,409999847;0,409999847;0;0,211777222;0,132053945;61,59337552;0,5;BUY
22,44000053;22,21999931;22,25;22,36000061;2460117;21,61339188;0,11000061;21,61339188;22,5;-0,13999939;0;0,13999939;0,195889073;0,132650036;59,62427846;0,11000061;BUY
23,13999939;22,45999908;22,52000046;22,80999947;3349658;22,04836464;0,289999008;22,04836464;22,36000061;0,449998856;0,449998856;0;0,214884857;0,122733883;63,64719477;0,289999008;BUY
23,25;22,94000053;23,10000038;23,07999992;2666998;22,30934906;-0,020000458;22,30934906;22,80999947;0,270000458;0,270000458;0;0,218991326;0,113589416;65,84606322;-0,020000458;SELL
23,04999924;22,63999939;22,95000076;22,79999924;2542961;22,0386982;-0,150001526;22,0386982;23,07999992;-0,280000687;0;0,280000687;0,202725123;0,125950086;61,67946886;-0,150001526;SELL
22,65999985;22,18000031;22,60000038;22,20999908;2780940;21,46839905;-0,390001297;21,46839905;22,79999924;-0,590000153;0;0,590000153;0,187709922;0,160320791;53,9348727;-0,390001297;SELL
22,04999924;21,31999969;22,02000046;21,35000038;3983952;20,63711548;-0,670000076;20,63711548;22,20999908;-0,859998703;0;0,859998703;0,173843431;0,212007335;45,05457707;-0,670000076;SELL
21,31999969;20,84000015;21,07999992;21,12999916;3042043;20,42445946;0,049999237;20,42445946;21,35000038;-0,220001221;0;0,220001221;0,161032586;0,21259642;43,09959434;0,049999237;BUY
21,56999969;21,12000084;21,12999916;21,54999924;1837410;20,83043671;0,420000076;20,83043671;21,12999916;0,420000076;0,420000076;0;0,180073286;0,196965173;47,7599253;0,420000076;BUY
21,81999969;21,38999939;21,65999985;21,38999939;1944705;20,67577934;-0,270000458;20,67577934;21,54999924;-0,159999847;0;0,159999847;0,166861022;0,194252968;46,20729926;-0,270000458;SELL
21,64999962;21,29000092;21,30999947;21,64999962;2033407;20,92709732;0,340000153;20,92709732;21,38999939;0,260000229;0,260000229;0;0,173681542;0,180027957;49,10287749;0,340000153;BUY
22;21,61000061;21,61000061;21,87000084;2283988;21,13975334;0,260000229;21,13975334;21,64999962;0,220001221;0,220001221;0;0,177067403;0,166868331;51,48270027;0,260000229;BUY
22,21999931;21,75;21,81999969;22,15999985;3422391;21,42006874;0,340000153;21,42006874;21,87000084;0,289999008;0,289999008;0;0,185308686;0,154690968;54,50261011;0,340000153;BUY
22,54000092;22,14999962;22,15999985;22,28000069;1554509;21,53606224;0,120000839;21,53606224;22,15999985;0,120000839;0,120000839;0;0,180550151;0,143419699;55,73054127;0,120000839;BUY
22,94000053;22,20999908;22,29000092;22,88999939;2641384;22,12569237;0,599998474;22,12569237;22,28000069;0,609998703;0,609998703;0;0,211796294;0,13298466;61,42923254;0,599998474;BUY
22,95000076;22,14999962;22,87999916;22,14999962;2255813;21,4104023;-0,729999542;21,4104023;22,88999939;-0,739999771;0;0,739999771;0,19640673;0,177091655;52,58569728;-0,729999542;SELL
22,5;22,02000046;22,11000061;22,20000076;1197216;21,45873451;0,090000153;21,45873451;22,14999962;0,050001144;0,050001144;0;0,185781699;0,164239656;53,07724688;0,090000153;BUY
22,39999962;21,68000031;22,31999969;21,75;2231849;21,02375793;-0,569999695;21,02375793;22,20000076;-0,450000763;0;0,450000763;0,172314448;0,18495438;48,23103343;-0,569999695;SELL
21,75;20,76000023;21,45999908;21,12000084;2788682;20,41479492;-0,339998245;20,41479492;21,75;-0,629999161;0;0,629999161;0,159836673;0,217181326;42,39497137;-0,339998245;SELL
21,36000061;20,89999962;21,27000046;21,05999947;2117130;20,35679817;-0,210000992;20,35679817;21,12000084;-0,060001373;0;0,060001373;0,14827383;0,205810675;41,87526646;-0,210000992;SELL
21,94000053;21,12000084;21,19000053;21,62999916;2983354;20,90776443;0,439998627;20,90776443;21,05999947;0,569999695;0,569999695;0;0,17875433;0,19093558;48,35250448;0,439998627;BUY
21,70999908;21,31999969;21,60000038;21,31999969;1690407;20,60811615;-0,280000687;20,60811615;21,62999916;-0,309999466;0;0,309999466;0,165845684;0,199533713;45,38999325;-0,280000687;SELL
21,84000015;21,5;21,52000046;21,73999977;2210294;21,01409149;0,219999313;21,01409149;21,31999969;0,420000076;0,420000076;0;0,184184892;0,18513581;49,87126124;0,219999313;BUY
22,64999962;22;22,04000092;22,64999962;2616658;21,89370728;0,609998703;21,89370728;21,73999977;0,909999847;0,909999847;0;0,236519903;0,171786561;57,92705335;0,609998703;BUY
23,10000038;22,44000053;22,73999977;23,03000069;2624925;22,26101875;0,290000916;22,26101875;22,64999962;0,380001068;0,380001068;0;0,246858642;0,159408237;60,76267963;0,290000916;BUY
23,54000092;23;23,02000046;23,22999954;2677915;22,45433998;0,209999085;22,45433998;23,03000069;0,199998856;0,199998856;0;0,243484212;0,147929057;62,2064276;0,209999085;BUY
23,40999985;22,86000061;23,11000061;23,30999947;2168781;22,53166962;0,199998856;22,53166962;23,22999954;0,079999924;0,079999924;0;0,231718367;0,137282711;62,796122;0,199998856;BUY
23,42000008;23,22999954;23,30999947;23,22999954;1806107;22,45433998;-0,079999924;22,45433998;23,30999947;-0,079999924;0;0,079999924;0,215050776;0,133162338;61,75837943;-0,079999924;SELL
23,29999924;22,89999962;23;23,17000008;1948164;22,39634514;0,170000076;22,39634514;23,22999954;-0,059999466;0;0,059999466;0,199589851;0,127902344;60,94491831;0,170000076;BUY
23,46999931;22,87999916;23,04000092;22,95000076;1741340;22,18369102;-0,090000153;22,18369102;23,17000008;-0,219999313;0;0,219999313;0,185247157;0,134520509;57,93179754;-0,090000153;SELL
23,22999954;22,80999947;22,89999962;22,90999985;2130071;22,14502525;0,010000229;22,14502525;22,95000076;-0,040000916;0;0,040000916;0,171940894;0,127731187;57,37634721;0,010000229;BUY
23,56999969;23,04000092;23,04000092;23,47999954;2417850;22,69599342;0,439998627;22,69599342;22,90999985;0,569999695;0,569999695;0;0,200521905;0,118559963;62,84340325;0,439998627;BUY
24,09000015;23,31999969;23,45000076;23,93000031;2567227;23,13096809;0,479999542;23,13096809;23,47999954;0,450000763;0,450000763;0;0,218428063;0,110050411;66,4969185;0,479999542;BUY
24,13999939;23,84000015;23,89999962;24,09000015;1546779;23,28562546;0,190000534;23,28562546;23,93000031;0,159999847;0,159999847;0;0,214235871;0,102154355;67,71254406;0,190000534;BUY
24,46999931;24,12999916;24,14999962;24,20999908;2078137;23,40161705;0,059999466;23,40161705;24,09000015;0,119998932;0,119998932;0;0,207476591;0,094827187;68,63182204;0,059999466;BUY
24,72999954;24,23999977;24,30999947;24,54999924;1998465;23,73026466;0,239999771;23,73026466;24,20999908;0,340000153;0,340000153;0;0,216979203;0,088027597;71,13913629;0,239999771;BUY
25,02000046;24,44000053;24,60000038;24,82999992;2829011;24,00091553;0,229999542;24,00091553;24,54999924;0,280000687;0,280000687;0;0,221496914;0,081717316;73,04964341;0,229999542;BUY
24,98999977;24,56999969;24,77000046;24,70999908;2575096;23,88492203;-0,060001373;23,88492203;24,82999992;-0,120000839;0;0,120000839;0,205622926;0,084460976;70,88394931;-0,060001373;SELL
24,79000092;24,02000046;24,39999962;24,29000092;3183158;23,47894859;-0,109998703;23,47894859;24,70999908;-0,419998169;0;0,419998169;0,190890088;0,108502143;63,7591988;-0,109998703;SELL
24,20999908;23,29000092;23,86000061;23,54999924;3063508;22,76365471;-0,310001373;22,76365471;24,29000092;-0,740001679;0;0,740001679;0,177215879;0,153738942;53,54684933;-0,310001373;SELL
23,70000076;23,26000023;23,59000015;23,27000046;2267394;22,49300575;-0,319999695;22,49300575;23,54999924;-0,279998779;0;0,279998779;0,164523815;0,162781574;50,26614911;-0,319999695;SELL
23,54999924;23,26000023;23,26000023;23,37000084;1722705;22,58966637;0,11000061;22,58966637;23,27000046;0,100000382;0,100000382;0;0,159903577;0,151125505;51,41113357;0,11000061;BUY
23,43000031;22,92000008;23,25;23,36000061;2202585;22,57999992;0,11000061;22,57999992;23,37000084;-0,010000229;0;0,010000229;0,148455615;0,141021937;51,28398186;0,11000061;BUY
23,10000038;22,60000038;22,95000076;22,89999962;2322792;22,89999962;-0,050001144;22,89999962;23,36000061;-0,460000992;0;0,460000992;0,137828993;0,163854822;45,68657191;-0,050001144;SELL
22,86000061;22,5;22,78000069;22,63999939;1447877;22,63999939;-0,140001297;22,63999939;22,89999962;-0,260000229;0;0,260000229;0,127964541;0,17073597;42,8404159;-0,140001297;SELL
22,15999985;21,68000031;22,10000038;22,15999985;2057375;22,15999985;0,059999466;22,15999985;22,63999939;-0,479999542;0;0,479999542;0,118807388;0,192866898;38,11908563;0,059999466;BUY
22,22999954;21,62000084;22,02000046;21,76000023;2170486;21,76000023;-0,260000229;21,76000023;22,15999985;-0,399999619;0;0,399999619;0,110306639;0,207687384;34,68827431;-0,260000229;SELL
21,96999931;21,56999969;21,72999954;21,78000069;1864781;21,78000069;0,050001144;21,78000069;21,76000023;0,020000458;0,020000458;0;0,10384596;0,192829025;35,00327455;0,050001144;BUY
21,64999962;21,13999939;21,5;21,23999977;2772657;21,23999977;-0,260000229;21,23999977;21,78000069;-0,540000916;0;0,540000916;0,09641746;0,217663561;30,69827651;-0,260000229;SELL
21,64999962;20,92000008;21,38999939;21,15999985;1925393;21,15999985;-0,229999542;21,15999985;21,23999977;-0,079999924;0;0,079999924;0,089521076;0,20781699;30,10750598;-0,229999542;SELL
21,05999947;20,40999985;21,05999947;20,62000084;2536090;20,62000084;-0,439998627;20,62000084;21,15999985;-0,539999008;0;0,539999008;0,08311859;0,231574419;26,41259502;-0,439998627;SELL
21,06999969;20,5;20,72999954;21,06999969;2938206;21,06999969;0,340000153;21,06999969;20,62000084;0,449998856;0,449998856;0;0,109355234;0,215013879;33,71320802;0,340000153;BUY
21,57999992;20,71999931;21,21999931;21,40999985;3131605;21,40999985;0,190000534;21,40999985;21,06999969;0,340000153;0,340000153;0;0,125847913;0,199638925;38,66451685;0,190000534;BUY
21,39999962;20,89999962;21,38999939;21,36000061;3130775;21,36000061;-0,029998779;21,36000061;21,40999985;-0,049999237;0;0,049999237;0,116849636;0,188939507;38,21248684;-0,029998779;SELL
21,45000076;21,07999992;21,25;21,37000084;2006345;21,37000084;0,120000839;21,37000084;21,36000061;0,010000229;0,010000229;0;0,109210329;0,175431085;38,3676878;0,120000839;BUY
21,44000053;20,77000046;21,25;21;1770612;21;-0,25;21;21,37000084;-0,370000839;0;0,370000839;0,101402753;0,189341109;34,87700559;-0,25;SELL
21,36000061;21;21,12000084;21,29000092;1979567;21,29000092;0,170000076;21,29000092;21;0,290000916;0,290000916;0;0,114885016;0,175805735;39,52138673;0,170000076;BUY
21,34000015;20,84000015;21,28000069;20,87000084;1706488;20,87000084;-0,409999847;20,87000084;21,29000092;-0,420000076;0;0,420000076;0,106672741;0,193261371;35,56539142;-0,409999847;SELL
20,82999992;20,35000038;20,53000069;20,48999977;2563617;20,48999977;-0,040000916;20,48999977;20,87000084;-0,380001068;0;0,380001068;0,099047912;0,206609282;32,40490137;-0,040000916;SELL
20,89999962;20,40999985;20,71999931;20,59000015;2574444;20,59000015;-0,129999161;20,59000015;20,48999977;0,100000382;0,100000382;0;0,09911599;0,191841859;34,06541198;-0,129999161;SELL
21,17000008;19,70499992;21,05999947;19,92000008;3405000;19,92000008;-1,13999939;19,92000008;20,59000015;-0,670000076;0;0,670000076;0,092031993;0,226016683;28,93644902;-1,13999939;SELL
20,89999962;20,05999947;20,05999947;20,84000015;5475828;20,84000015;0,780000687;20,84000015;19,92000008;0,920000076;0,920000076;0;0,151205796;0,209863564;41,87721607;0,780000687;BUY
20,72999954;20,22999954;20,70000076;20,32999992;2996900;20,32999992;-0,370000839;20,32999992;20,84000015;-0,510000229;0;0,510000229;0,140399748;0,231313081;37,77102566;-0,370000839;SELL
20,54999924;20,01000023;20,45999908;20,10000038;1398429;20,10000038;-0,359998703;20,10000038;20,32999992;-0,229999542;0;0,229999542;0,130366337;0,231219211;36,05407837;-0,359998703;SELL
19,96999931;19,60499954;19,70000076;19,96999931;2777530;19,96999931;0,26999855;19,96999931;20,10000038;-0,130001068;0;0,130001068;0,121050268;0,223986092;35,08333662;0,26999855;BUY
19,97999954;19,51499939;19,79999924;19,97999954;2049493;19,97999954;0,180000305;19,97999954;19,96999931;0,010000229;0,010000229;0;0,113114809;0,207980404;35,22780926;0,180000305;BUY
20,5;19,75;19,75;20,45999908;2672631;20,45999908;0,709999085;20,45999908;19,97999954;0,479999542;0,479999542;0;0,139331024;0,1931189;41,91037925;0,709999085;BUY
20,73999977;20,37999916;20,57999992;20,60000038;2055977;20,60000038;0,020000458;20,60000038;20,45999908;0,140001297;0,140001297;0;0,139378918;0,179319726;43,73376561;0,020000458;BUY
21,22999954;20,43000031;20,54999924;20,60000038;3262053;20,60000038;0,050001144;20,60000038;20,60000038;0;0;0;0,129419952;0,166506892;43,73376561;0,050001144;BUY
20,77000046;20,39999962;20,73999977;20,54000092;1943023;20,54000092;-0,199998856;20,54000092;20,60000038;-0,059999466;0;0,059999466;0,1201728;0,158896856;43,06193712;-0,199998856;SELL
20,96999931;20,70000076;20,79999924;20,87999916;937994;20,87999916;0,079999924;20,87999916;20,54000092;0,339998245;0,339998245;0;0,135879144;0,147543809;47,94218058;0,079999924;BUY
21,12999916;20,92000008;20,95999908;21,12000084;1929906;21,12000084;0,160001755;21,12000084;20,87999916;0,240001679;0,240001679;0;0,143318459;0,137002145;51,12662325;0,160001755;BUY
21,09000015;20,73999977;20,92000008;20,79000092;1774837;20,79000092;-0,129999161;20,79000092;21,12000084;-0,329999924;0;0,329999924;0,133078881;0,150791127;46,88021899;-0,129999161;SELL
21,10000038;20,59000015;20,70999908;20,89999962;1776807;20,89999962;0,190000534;20,89999962;20,79000092;0,109998703;0,109998703;0;0,131429917;0,140017846;48,41812488;0,190000534;BUY
20,88999939;20,35000038;20,86000061;20,71999931;1459811;20,71999931;-0,140001297;20,71999931;20,89999962;-0,180000305;0;0,180000305;0,122040054;0,142874348;46,0677309;-0,140001297;SELL
20,94000053;20,57999992;20,75;20,82999992;1251518;20,82999992;0,079999924;20,82999992;20,71999931;0,11000061;0,11000061;0;0,121179922;0,132667007;47,7373994;0,079999924;BUY
21,79999924;21,26000023;21,43000031;21,37000084;2603809;21,37000084;-0,059999466;21,36000061;20,82999992;0,530000687;0,530000687;0;0,150386801;0,123189041;54,97078988;-0,059999466;SELL
21,87000084;21,46999931;21,48999977;21,52000046;2366439;21,52000046;0,030000687;21,37000084;21,36000061;0,010000229;0,010000229;0;0,140357469;0,114388314;55,09707254;0,030000687;BUY
21,68000031;21,36000061;21,52000046;21,68000031;3895006;21,68000031;0,159999847;21,52000046;21,37000084;0,149999619;0,149999619;0;0,141046303;0,106216418;57,04309262;0,159999847;BUY
21,72999954;21,37000084;21,54999924;21,38999939;1338493;21,38999939;-0,159999847;21,68000031;21,52000046;0,159999847;0,159999847;0;0,142400328;0,098628409;59,08022833;-0,159999847;SELL
21,40999985;21,04999924;21,18000031;21,10000038;1551609;21,10000038;-0,079999924;21,38999939;21,68000031;-0,290000916;0;0,290000916;0,132227479;0,112299751;54,07474608;-0,079999924;SELL
21,43000031;20,96999931;21,03000069;21,30999947;1988759;21,30999947;0,279998779;21,10000038;21,38999939;-0,289999008;0;0,289999008;0,122781454;0,124994175;49,55348305;0,279998779;BUY
21,75;21,40999985;21,45999908;21,55999947;1756763;21,55999947;0,100000382;21,30999947;21,10000038;0,209999085;0,209999085;0;0,129012023;0,116064962;52,64142737;0,100000382;BUY
21,70000076;21,32999992;21,62999916;21,67000008;1869699;21,67000008;0,040000916;21,55999947;21,30999947;0,25;0,25;0;0,137654972;0,107773695;56,08756844;0,040000916;BUY
22,29999924;21,65999985;22,06999969;21,65999985;1695283;21,65999985;-0,409999847;21,67000008;21,55999947;0,11000061;0,11000061;0;0,135679458;0,100074788;57,55122564;-0,409999847;SELL
21,81999969;21,53000069;21,72999954;21,77000046;1636457;21,77000046;0,040000916;21,65999985;21,67000008;-0,010000229;0;0,010000229;0,125987149;0,093640281;57,364032;0,040000916;BUY
22,15999985;21,67000008;21,71999931;22,01000023;1611399;22,01000023;0,290000916;21,77000046;21,65999985;0,11000061;0,11000061;0;0,124845153;0,0869511;58,94587419;0,290000916;BUY
22,22999954;22;22,02000046;22,03000069;1046713;22,03000069;0,010000229;22,01000023;21,77000046;0,239999771;0,239999771;0;0,133071156;0,0807398;62,23776299;0,010000229;BUY
22,12999916;21,88999939;22,12999916;22,04999924;1384929;22,04999924;-0,079999924;22,03000069;22,01000023;0,020000458;0,020000458;0;0,124994064;0,074972233;62,50756537;-0,079999924;SELL
22,34000015;21,89999962;21,94000053;22,12999916;1783254;22,12999916;0,189998627;22,04999924;22,03000069;0,01999855;0,01999855;0;0,117493856;0,069616696;62,79381601;0,189998627;BUY
22,09000015;21,43000031;22,09000015;21,62000084;2103570;21,62000084;-0,469999313;22,12999916;22,04999924;0,079999924;0,079999924;0;0,114815542;0,06464375;63,97859992;-0,469999313;SELL
21,79999924;21,42000008;21,62000084;21,43000031;1859955;21,43000031;-0,190000534;21,62000084;22,12999916;-0,509998322;0;0,509998322;0,106613934;0,096456724;52,50090525;-0,190000534;SELL
21,77000046;21,39999962;21,55999947;21,62000084;1976754;21,62000084;0,060001373;21,43000031;21,62000084;-0,190000534;0;0,190000534;0,098998223;0,103138802;48,97579891;0,060001373;BUY
22,27000046;21,32999992;21,32999992;22,03000069;2247819;22,03000069;0,700000763;21,62000084;21,43000031;0,190000534;0,190000534;0;0,105498729;0,095771359;52,4164967;0,700000763;BUY
22,42000008;22,01000023;22,01000023;22,22999954;1674323;22,22999954;0,219999313;22,03000069;21,62000084;0,409999847;0,409999847;0;0,127249867;0,088930214;58,86290091;0,219999313;BUY
22,47999954;22,04000092;22,45000076;22,31999969;2201434;22,31999969;-0,130001068;22,22999954;22,03000069;0,199998856;0,199998856;0;0,132446458;0,082577769;61,59606288;-0,130001068;SELL
22,35000038;22,04999924;22,21999931;22,09000015;1186450;22,09000015;-0,129999161;22,31999969;22,22999954;0,090000153;0,090000153;0;0,129414452;0,076679109;62,79402962;-0,129999161;SELL
22,03000069;21,62999916;21,81999969;21,93000031;1487584;21,93000031;0,11000061;22,09000015;22,31999969;-0,229999542;0;0,229999542;0,120170202;0,087630996;57,82940787;0,11000061;BUY
22,27000046;21,87999916;22,01000023;21,89999962;1355304;21,89999962;-0,11000061;21,93000031;22,09000015;-0,159999847;0;0,159999847;0,111586306;0,092800386;54,59568069;-0,11000061;SELL
22,04999924;21,73999977;21,76000023;21,90999985;1388943;21,90999985;0,149999619;21,89999962;21,93000031;-0,030000687;0;0,030000687;0,103615588;0,088314543;53,98609764;0,149999619;BUY
22,92000008;22,04000092;22,04999924;22,71999931;2682789;22,71999931;0,670000076;21,90999985;21,89999962;0,010000229;0,010000229;0;0,096928568;0,082006164;54,16978949;0,670000076;BUY
23,45999908;22,43000031;23,39999962;23,05999947;4198206;23,05999947;-0,340000153;22,71999931;21,90999985;0,809999466;0,809999466;0;0,147863679;0,076148412;66,0070082;-0,340000153;SELL
23,59000015;22,72999954;23,44000053;23,04999924;2639739;23,04999924;-0,390001297;23,05999947;22,71999931;0,340000153;0,340000153;0;0,161588082;0,070709093;69,56093289;-0,390001297;SELL
22,98999977;22,38999939;22,89999962;22,5;1843633;22,5;-0,399999619;23,04999924;23,05999947;-0,010000229;0;0,010000229;0,150045788;0,066372637;69,3313371;-0,399999619;SELL
22,45999908;21,88999939;22,45999908;22,09000015;1758223;22,09000015;-0,369998932;22,5;23,04999924;-0,549999237;0;0,549999237;0,139327983;0,100918196;57,99383938;-0,369998932;SELL
22,20999908;21,15999985;22,15999985;21,34000015;2529614;21,34000015;-0,819999695;22,09000015;22,5;-0,409999847;0;0,409999847;0,12937577;0,122995932;51,26397645;-0,819999695;SELL
21,63999939;21,32999992;21,34000015;21,36000061;2353505;21,36000061;0,020000458;21,34000015;22,09000015;-0,75;0;0,75;0,120134459;0,167782833;41,72533649;0,020000458;BUY
21,46999931;20,94000053;21,29999924;21,14999962;1660019;21,14999962;-0,149999619;21,36000061;21,34000015;0,020000458;0,020000458;0;0,112981897;0,155798122;42,03508039;-0,149999619;SELL
20,56999969;20,13999939;20,52000046;20,36000061;2698423;20,36000061;-0,159999847;21,14999962;21,36000061;-0,210000992;0;0,210000992;0,104911622;0,159669822;39,65191985;-0,159999847;SELL
20,23999977;19,63999939;20,12000084;19,89999962;2131456;19,89999962;-0,220001221;20,36000061;21,14999962;-0,789999008;0;0,789999008;0,097417815;0,204694057;32,24560973;-0,220001221;SELL
20,14999962;19,79500008;19,93499947;19,95499992;2191491;19,95499992;0,020000458;19,89999962;20,36000061;-0,460000992;0;0,460000992;0,090459296;0,222930537;28,86478326;0,020000458;BUY
21,27000046;19,31999969;20,12000084;19,79500008;3695295;19,79500008;-0,325000763;19,95499992;19,89999962;0,055000305;0,055000305;0;0,087926476;0,207006708;29,8123375;-0,325000763;SELL
20,37000084;19,88500023;20,27000046;20,21999931;2219857;20,21999931;-0,050001144;19,79500008;19,95499992;-0,159999847;0;0,159999847;0,081645933;0,203649032;28,61807713;-0,050001144;SELL
20,23999977;19,72999954;20,19000053;19,82999992;1428183;19,82999992;-0,36000061;20,21999931;19,79500008;0,424999237;0,424999237;0;0,106171461;0,189102499;35,95693334;-0,36000061;SELL
20,12999916;19,76499939;19,95999908;19,88500023;1481532;19,88500023;-0,074998856;19,82999992;20,21999931;-0,38999939;0;0,38999939;0,098587701;0,203452436;32,64059617;-0,074998856;SELL
20,19000053;19,34499931;19,79000092;19,83499908;2208386;19,83499908;0,044998169;19,88500023;19,82999992;0,055000305;0,055000305;0;0,095474284;0,18891997;33,57110166;0,044998169;BUY
19,91500092;19,14500046;19,875;19,25499916;1848980;19,25499916;-0,620000839;19,83499908;19,88500023;-0,050001144;0;0,050001144;0,088654627;0,178997102;33,12312892;-0,620000839;SELL
19,42000008;18,80500031;19,32999992;18,88500023;2449709;18,88500023;-0,444999695;19,25499916;19,83499908;-0,579999924;0;0,579999924;0,082322098;0,207640414;28,39060033;-0,444999695;SELL
19,03000069;18,80999947;18,97999954;19,00499916;1772058;19,00499916;0,024999619;18,88500023;19,25499916;-0,369998932;0;0,369998932;0,0764419;0,219237546;25,85296364;0,024999619;BUY
19,46999931;19,09000015;19,14500046;19,36499977;1641098;19,36499977;0,219999313;19,00499916;18,88500023;0,119998932;0,119998932;0;0,07955314;0,203577602;28,09766944;0,219999313;BUY
19,42000008;19,04000092;19,37999916;19,09499931;1634968;19,09499931;-0,284999847;19,36499977;19,00499916;0,36000061;0,36000061;0;0,099585244;0,189036242;34,50375284;-0,284999847;SELL
19,44499969;19,05999947;19,13999939;19,17499924;1671315;19,17499924;0,034999847;19,09499931;19,36499977;-0,270000458;0;0,270000458;0,092471966;0,194819438;32,18751568;0,034999847;BUY
19,48500061;19,08499908;19,09499931;19,23500061;1427478;19,23500061;0,140001297;19,17499924;19,09499931;0,079999924;0,079999924;0;0,0915811;0,180903679;33,60962046;0,140001297;BUY
19,48500061;18,89500046;19,32500076;18,89500046;1579078;18,89500046;-0,430000305;19,23500061;19,17499924;0,060001373;0,060001373;0;0,089325392;0,167981914;34,71545119;-0,430000305;SELL
19,23500061;18,78499985;18,92499924;19,17499924;1374396;19,17499924;0,25;18,89500046;19,23500061;-0,340000153;0;0,340000153;0,082944974;0,180268996;31,51237519;0,25;BUY
19,69499969;18,98999977;19,24500084;19,69000053;2933323;19,69000053;0,444999695;19,17499924;18,89500046;0,279998779;0,279998779;0;0,097020314;0,167392576;36,6927324;0,444999695;BUY
19,73999977;19,40500069;19,56999969;19,61499977;1664669;19,61499977;0,045000076;19,69000053;19,17499924;0,515001297;0,515001297;0;0,126876235;0,155435909;44,94182673;0,045000076;BUY
20;19,38500023;19,51000023;19,96500015;1585138;19,96500015;0,454999924;19,61499977;19,69000053;-0,075000763;0;0,075000763;0,117813608;0,149690518;44,04179107;0,454999924;BUY
20,5;19,92000008;20;20,32999992;2295458;20,32999992;0,329999924;19,96500015;19,61499977;0,350000382;0,350000382;0;0,134398443;0,138998296;49,15875858;0,329999924;BUY
20,37999916;20,14999962;20,29999924;20,22999954;1033958;20,22999954;-0,069999695;20,32999992;19,96500015;0,364999771;0,364999771;0;0,150870026;0,12906981;53,89373237;-0,069999695;SELL
20,30999947;19,82999992;20,11000061;20,21999931;1658251;20,21999931;0,109998703;20,22999954;20,32999992;-0,100000382;0;0,100000382;0,140093559;0,126993415;52,45241161;0,109998703;BUY
20,75;20,37999916;20,45000076;20,70999908;1767976;20,70999908;0,259998322;20,21999931;20,22999954;-0,010000229;0;0,010000229;0,130086845;0,118636733;52,30177457;0,259998322;BUY
21,48999977;20,85000038;20,96999931;21,45999908;2629160;21,45999908;0,489999771;20,70999908;20,21999931;0,489999771;0,489999771;0;0,155794986;0,110162656;58,57887179;0,489999771;BUY
22,20000076;21,52000046;21,54999924;22,10000038;3559463;22,10000038;0,550001144;21,45999908;20,70999908;0,75;0,75;0;0,198238316;0,102293873;65,96242367;0,550001144;BUY
22,87000084;21,90999985;21,94000053;22,87000084;2151574;22,87000084;0,930000305;22,10000038;21,45999908;0,640001297;0,640001297;0;0,229792894;0,09498715;70,75339091;0,930000305;BUY
23,46999931;22,84000015;22,86000061;23,36000061;4408354;23,36000061;0,5;22,87000084;22,10000038;0,770000458;0,770000458;0;0,268379239;0,088202338;75,26447144;0,5;BUY
24,03000069;23,19000053;23,5;23,20999908;3658442;23,20999908;-0,290000916;23,36000061;22,87000084;0,489999771;0,489999771;0;0,284209311;0,081902157;77,62917467;-0,290000916;SELL
23,84000015;23,27000046;23,28000069;23,68000031;3615288;23,68000031;0,399999619;23,20999908;23,36000061;-0,150001526;0;0,150001526;0,263908605;0,086766407;75,25731679;0,399999619;BUY
24,11000061;23,55999947;23,60000038;24,05999947;2822378;24,05999947;0,459999085;23,68000031;23,20999908;0,470001221;0,470001221;0;0,278629534;0,080568795;77,56983014;0,459999085;BUY
24,13999939;23,45000076;23,81999969;23,95000076;2130556;23,95000076;0,130001068;24,05999947;23,68000031;0,379999161;0,379999161;0;0,285870234;0,074813871;79,25778533;0,130001068;BUY
23,85000038;23,32999992;23,44000053;23,56999969;2580176;23,56999969;0,129999161;23,95000076;24,05999947;-0,109998703;0;0,109998703;0,265450898;0,077327078;77,44106009;0,129999161;BUY
23,96999931;23,40999985;23,43000031;23,68000031;2517271;23,68000031;0,25;23,56999969;23,95000076;-0,380001068;0;0,380001068;0,246490092;0,098946681;71,35606611;0,25;BUY
24,19000053;23,54999924;23,64999962;24,01000023;2988008;24,01000023;0,36000061;23,68000031;23,56999969;0,11000061;0,11000061;0;0,23674083;0,091879051;72,0409335;0,36000061;BUY
24,21999931;23,96999931;24,03000069;24,02000046;3899188;24,02000046;-0,010000229;24,01000023;23,68000031;0,329999924;0,329999924;0;0,243402202;0,085316253;74,04579762;-0,010000229;SELL
23,94000053;22,87999916;23,86000061;23,04000092;3181005;23,04000092;-0,819999695;24,02000046;24,01000023;0,010000229;0,010000229;0;0,226730613;0,079222228;74,10639246;-0,819999695;SELL
23,18000031;22,80999947;22,96999931;22,92000008;1924287;22,92000008;-0,049999237;23,04000092;24,02000046;-0,979999542;0;0,979999542;0,210535551;0,143563536;59,45667714;-0,049999237;SELL
22,89999962;22,25;22,59000015;22,56999969;2576050;22,56999969;-0,020000458;22,92000008;23,04000092;-0,120000839;0;0,120000839;0,195497282;0,141880484;57,94610708;-0,020000458;SELL
23,07999992;22,40999985;22,57999992;22,70999908;2121420;22,70999908;0,129999161;22,56999969;22,92000008;-0,350000382;0;0,350000382;0,181533177;0,156746206;53,66368338;0,129999161;BUY
23,09000015;22,69000053;22,77000046;23;2112126;23;0,229999542;22,70999908;22,56999969;0,13999939;0,13999939;0;0,178566475;0,145550038;55,09329755;0,229999542;BUY
23,04999924;22,79000092;23;22,87999916;2030231;22,87999916;-0,120000839;23;22,70999908;0,290000916;0,290000916;0;0,186526084;0,135153598;57,98503744;-0,120000839;SELL
23,20000076;22,37999916;23,04999924;22,47999954;2307751;22,47999954;-0,569999695;22,87999916;23;-0,120000839;0;0,120000839;0,173202782;0,134071258;56,36752864;-0,569999695;SELL
22,48999977;21,70000076;22,39999962;21,70000076;2496781;21,70000076;-0,699998856;22,47999954;22,87999916;-0,399999619;0;0,399999619;0,160831146;0,153066154;51,2368683;-0,699998856;SELL
21,63999939;21,22999954;21,63999939;21,62000084;1627276;21,62000084;-0,01999855;21,70000076;22,47999954;-0,779998779;0;0,779998779;0,1493432;0,197847085;43,01479797;-0,01999855;SELL
21,95000076;21,29999924;21,78000069;21,62000084;1874832;21,62000084;-0,159999847;21,62000084;21,70000076;-0,079999924;0;0,079999924;0,138675822;0,189429426;42,26565189;-0,159999847;SELL
21,71999931;21,23999977;21,53000069;21,69000053;1286348;21,69000053;0,159999847;21,62000084;21,62000084;0;0;0;0,1287704;0,175898745;42,26565189;0,159999847;BUY
21,87000084;20,85000038;21,79999924;21,07999992;3432202;21,07999992;-0,719999313;21,69000053;21,62000084;0,069999695;0,069999695;0;0,124572491;0,163334542;43,26830414;-0,719999313;SELL
21,40999985;20,96999931;21,04999924;21,27000046;2519346;21,27000046;0,220001221;21,07999992;21,69000053;-0,61000061;0;0,61000061;0,115674451;0,195239277;37,20467791;0,220001221;BUY
22,09000015;21,21999931;21,31999969;22,01000023;3192283;22,01000023;0,690000534;21,27000046;21,07999992;0,190000534;0,190000534;0;0,120983459;0,181293608;40,02402845;0,690000534;BUY
23,09000015;22,01000023;22,21999931;23,03000069;3775866;23,03000069;0,810001373;22,01000023;21,27000046;0,739999771;0,739999771;0;0,165198929;0,168344059;49,52852704;0,810001373;BUY
22,94000053;22,27000046;22,87000084;22,82999992;1478024;22,82999992;-0,040000916;23,03000069;22,01000023;1,020000458;1,020000458;0;0,226256205;0,156319479;59,1402472;-0,040000916;SELL
23,48999977;22,81999969;22,95000076;23,47999954;2990289;23,47999954;0,529998779;22,82999992;23,03000069;-0,200000763;0;0,200000763;0,210095042;0,159439572;56,85395473;0,529998779;BUY
23,81999969;22,96999931;23,35000038;23,75;3088787;23,75;0,399999619;23,47999954;22,82999992;0,649999619;0,649999619;0;0,241516808;0,148051027;61,9960855;0,399999619;BUY
24,22999954;23,22999954;23,32999992;24,05999947;3377538;24,05999947;0,729999542;23,75;23,47999954;0,270000458;0,270000458;0;0,243551355;0,13747595;63,91965922;0,729999542;BUY
23,94000053;22,94000053;23,36000061;23,65999985;3045615;23,65999985;0,299999237;24,05999947;23,75;0,309999466;0,309999466;0;0,24829765;0,127656237;66,0447089;0,299999237;BUY
24,01000023;23,65999985;23,75;23,73999977;1926017;23,73999977;-0,010000229;23,65999985;24,05999947;-0,399999619;0;0,399999619;0,230562099;0,147109341;61,04832792;-0,010000229;SELL
24,04000092;23,54999924;23,77000046;24,04000092;2078279;24,04000092;0,270000458;23,73999977;23,65999985;0,079999924;0,079999924;0;0,219807655;0,136601528;61,67283716;0,270000458;BUY
24,86000061;23,54999924;23,55999947;24,81999969;4625883;24,81999969;1,260000229;24,04000092;23,73999977;0,300001144;0,300001144;0;0,225535763;0,126844274;64,00355851;1,260000229;BUY
25,34000015;24,76000023;24,89999962;25,04000092;3882535;25,04000092;0,140001297;24,81999969;24,04000092;0,779998779;0,779998779;0;0,265140273;0,117783966;69,24092172;0,140001297;BUY
25,12000084;24,55999947;24,84000015;24,84000015;2389222;24,84000015;0;25,04000092;24,81999969;0,220001221;0,220001221;0;0,261916054;0,109370824;70,54277146;0;SELL
25,18000031;24,79999924;24,89999962;24,86000061;2496725;24,86000061;-0,039999008;24,84000015;25,04000092;-0,200000763;0;0,200000763;0,243207761;0,115844393;67,7360541;-0,039999008;SELL
25,02000046;24,65999985;24,79999924;24,92000008;2028824;24,92000008;0,120000839;24,86000061;24,84000015;0,020000458;0,020000458;0;0,227264379;0,107569792;67,87371154;0,120000839;BUY
27,05999947;25,45000076;26,11000061;26,04999924;10509826;26,04999924;-0,060001373;24,92000008;24,86000061;0,059999466;0,059999466;0;0,215316884;0,099886234;68,31051842;-0,060001373;SELL
24,79999924;22,32999992;24,75;22,70000076;16648477;22,70000076;-2,049999237;26,04999924;24,92000008;1,129999161;1,129999161;0;0,280651342;0,092751502;75,16047257;-2,049999237;SELL
23,56999969;22,55999947;22,73999977;23,36000061;6531699;23,36000061;0,620000839;22,70000076;26,04999924;-3,349998474;0;3,349998474;0,260604815;0,325412032;44,47053288;0,620000839;BUY
24,63999939;23,70000076;23,70000076;24,14999962;6210082;24,14999962;0,449998856;23,36000061;22,70000076;0,659999847;0,659999847;0;0,289133035;0,302168313;48,89774665;0,449998856;BUY
24,53000069;24,03000069;24,31999969;24,40999985;3241932;24,40999985;0,090000153;24,14999962;23,36000061;0,789999008;0,789999008;0;0,32490918;0,280584859;53,66017814;0,090000153;BUY
24,54000092;23,87999916;24,5;24;3394795;24;-0,5;24,40999985;24,14999962;0,260000229;0,260000229;0;0,320272826;0,260543081;55,14188264;-0,5;SELL
24,45000076;23,95999908;24,17000008;24;3373653;24;-0,170000076;24;24,40999985;-0,409999847;0;0,409999847;0,297396193;0,271218566;52,30187724;-0,170000076;SELL
24,12999916;23,77000046;23,93000031;24,12000084;2368727;24,12000084;0,190000534;24;24;0;0;0;0,276153606;0,251845809;52,30187724;0,190000534;BUY
24,15999985;23,78000069;24,06999969;24,01000023;2559080;24,01000023;-0,059999466;24,12000084;24;0,120000839;0,120000839;0;0,264999836;0,233856821;53,12143922;-0,059999466;SELL
24,53000069;24,04000092;24,19000053;24,30999947;3214065;24,30999947;0,119998932;24,01000023;24,12000084;-0,11000061;0;0,11000061;0,246071275;0,225009948;52,2354241;0,119998932;BUY
24,35000038;23,63999939;24,32999992;23,79999924;2461796;23,79999924;-0,530000687;24,30999947;24,01000023;0,299999237;0,299999237;0;0,249923272;0,208937808;54,4659992;-0,530000687;SELL
23,96999931;23,45999908;23,67000008;23,62999916;2498236;23,62999916;-0,040000916;23,79999924;24,30999947;-0,510000229;0;0,510000229;0,232071609;0,230442268;50,17613964;-0,040000916;SELL
24,07999992;23,70999908;23,94000053;23,79000092;2174835;23,79000092;-0,149999619;23,62999916;23,79999924;-0,170000076;0;0,170000076;0,215495064;0,226124968;48,79648753;-0,149999619;SELL
23,62000084;22,79999924;23,38999939;23,01000023;3921504;23,01000023;-0,379999161;23,79000092;23,62999916;0,160001755;0,160001755;0;0,211531256;0,209973184;50,18482274;-0,379999161;SELL
23,30999947;22,67000008;23,12000084;22,70000076;3482321;22,70000076;-0,420000076;23,01000023;23,79000092;-0,780000687;0;0,780000687;0,19642188;0,250689436;43,93131478;-0,420000076;SELL
22,61000061;22,37000084;22,52000046;22,5;3225230;22,5;-0,020000458;22,70000076;23,01000023;-0,309999466;0;0,309999466;0,182391745;0,254925867;41,70692871;-0,020000458;SELL
22,82999992;22;22,30999947;22,46999931;5674751;22,46999931;0,159999847;22,5;22,70000076;-0,200000763;0;0,200000763;0,169363762;0,251002645;40,28955673;0,159999847;BUY
22,71999931;22,27000046;22,31999969;22,54999924;3074810;22,54999924;0,229999542;22,46999931;22,5;-0,030000687;0;0,030000687;0,15726635;0,23521679;40,06958105;0,229999542;BUY
22,85000038;22,39999962;22,79999924;22,39999962;2042092;22,39999962;-0,399999619;22,54999924;22,46999931;0,079999924;0,079999924;0;0,151747319;0,21841559;40,99473918;-0,399999619;SELL
22,60000038;22,22999954;22,5;22,25;2851024;22,25;-0,25;22,39999962;22,54999924;-0,149999619;0;0,149999619;0,140908225;0,213528735;39,75551105;-0,25;SELL
22,63999939;22,26000023;22,45999908;22,43000031;2235825;22,43000031;-0,029998779;22,25;22,39999962;-0,149999619;0;0,149999619;0,130843351;0,208990941;38,50210359;-0,029998779;SELL
22,42000008;22,12000084;22,35000038;22,23999977;1112428;22,23999977;-0,11000061;22,43000031;22,25;0,180000305;0,180000305;0;0,134354562;0,194063016;40,9096745;-0,11000061;SELL
22,29999924;21,92000008;22,10000038;21,92000008;1877920;21,92000008;-0,180000305;22,23999977;22,43000031;-0,190000534;0;0,190000534;0,124757808;0,193772839;39,16665759;-0,180000305;SELL
22,12999916;21,45000076;21,98999977;21,53000069;3310869;21,53000069;-0,459999085;21,92000008;22,23999977;-0,319999695;0;0,319999695;0,115846535;0,202789043;36,35706217;-0,459999085;SELL
21,67000008;21,06999969;21,52000046;21,14999962;3318755;21,14999962;-0,370000839;21,53000069;21,92000008;-0,38999939;0;0,38999939;0,107571783;0,216161211;33,22855091;-0,370000839;SELL
21,53000069;21,18000031;21,18000031;21,45999908;3200205;21,45999908;0,279998779;21,14999962;21,53000069;-0,380001068;0;0,380001068;0,099888084;0,227864058;30,47671422;0,279998779;BUY
21,57999992;21,23999977;21,45000076;21,23999977;2114243;21,23999977;-0,210000992;21,45999908;21,14999962;0,309999466;0,309999466;0;0,11489604;0,211588054;35,19192577;-0,210000992;SELL
21,54000092;21,01000023;21,38999939;21,51000023;2789938;21,51000023;0,120000839;21,23999977;21,45999908;-0,219999313;0;0,219999313;0,10668918;0,212188858;33,45767569;0,120000839;BUY
21,62000084;20,93000031;21,54999924;21,11000061;2787291;21,11000061;-0,439998627;21,51000023;21,23999977;0,270000458;0,270000458;0;0,118354271;0,197032511;37,52670626;-0,439998627;SELL
21,05999947;20,82999992;21;20,93000031;2400833;20,93000031;-0,069999695;21,11000061;21,51000023;-0,399999619;0;0,399999619;0,109900395;0,211530162;34,19102275;-0,069999695;SELL
21,19000053;20,87000084;20,98999977;20,92000008;2094744;20,92000008;-0,069999695;20,93000031;21,11000061;-0,180000305;0;0,180000305;0,102050366;0,209278029;32,77901015;-0,069999695;SELL
21,55999947;20,89999962;20,92000008;21,40999985;3209980;21,40999985;0,489999771;20,92000008;20,93000031;-0,010000229;0;0,010000229;0,094761054;0,1950439;32,69821748;0,489999771;BUY
22,29000092;21,73999977;21,89999962;21,88999939;5378352;21,88999939;-0,010000229;21,40999985;20,92000008;0,489999771;0,489999771;0;0,122992392;0,181112193;40,44410967;-0,010000229;SELL
22,15999985;21,75;22,12999916;21,92000008;2994777;21,92000008;-0,209999085;21,88999939;21,40999985;0,479999542;0,479999542;0;0,148492903;0,168175607;46,89222262;-0,209999085;SELL
22,11000061;21,56999969;21,87999916;22,11000061;3337851;22,11000061;0,23000145;21,92000008;21,88999939;0,030000687;0,030000687;0;0,140029173;0,156163064;47,27644939;0,23000145;BUY
23,11000061;22,31999969;23;22,40999985;5081239;22,40999985;-0,590000153;22,11000061;21,92000008;0,190000534;0,190000534;0;0,143598556;0,145008559;49,75572272;-0,590000153;SELL
22,59000015;22,12999916;22,54999924;22,29999924;4253748;22,29999924;-0,25;22,40999985;22,11000061;0,299999237;0,299999237;0;0,154770033;0,134650805;53,475774;-0,25;SELL
22,39999962;22,14999962;22,28000069;22,26000023;4482956;22,26000023;-0,020000458;22,29999924;22,40999985;-0,11000061;0;0,11000061;0,143715031;0,132890077;51,9567524;-0,020000458;SELL
22,15999985;21,78000069;22,13999939;21,98999977;2169407;21,98999977;-0,149999619;22,26000023;22,29999924;-0,039999008;0;0,039999008;0,133449671;0,126255;51,38516397;-0,149999619;SELL
22;21,77000046;22;21,82999992;468961;21,82999992;-0,170000076;21,98999977;22,26000023;-0,270000458;0;0,270000458;0,123917552;0,136522533;47,58006123;-0,170000076;SELL
21,82999992;21,82999992;21,82999992;21,82999992;0;21,82999992;0;21,82999992;21,98999977;-0,159999847;0;0,159999847;0,115066298;0,138199484;45,43302183;0;SELL
22;21,79999924;21,80999947;21,81999969;1623781;21,81999969;0,010000229;21,82999992;21,82999992;0;0;0;0,106847277;0,128328092;45,43302183;0,010000229;BUY
21,79999924;21,54000092;21,73999977;21,56999969;1533144;21,56999969;-0,170000076;21,81999969;21,82999992;-0,010000229;0;0,010000229;0,099215328;0,119876102;45,2848969;-0,170000076;SELL
21,54999924;21,29999924;21,5;21,29999924;860560;21,29999924;-0,200000763;21,56999969;21,81999969;-0,25;0;0,25;0,092128519;0,129170666;41,63075386;-0,200000763;SELL
22,01000023;21,40999985;21,40999985;21,73999977;1877667;21,73999977;0,329999924;21,29999924;21,56999969;-0,270000458;0;0,270000458;0,085547911;0,139229937;38,05887078;0,329999924;BUY
;;;;;;;21,73999977;21,29999924;0,440000534;0,440000534;0;0,110865955;0,129284942;46,16512233;0;SELL
;;;;;;;;;;;;;;;;
;;;;;;;;;;;;;;;;
;;;;;;;;;;;;;;;;
;;;;;;;;;;;;;;;;
;;;;;;;;;;;;;;;;
;;;;;;;;;;;;;;;;
;;;;;;;;;;;;;;;;
;;;;;;;;;;;;;;;;
;;;;;;;;;;;;;;;;
;;;;;;;;;;;;;;;;
;;;;;;;;;;;;;;;;
;;;;;;;;;;;;;;;;
;;;;;;;;;;;;;;;;
;;;;;;;;;;;;;;;;
;;;;;;;;;;;;;;;;
;;;;;;;;;;;;;;;;
;;;;;;;;;;;;;;;;
;;;;;;;;;;;;;;;;
;;;;;;;;;;;;;;;;
;;;;;;;;;;;;;;;;
;;;;;;;;;;;;;;;;
;;;;;;;;;;;;;;;;
;;;;;;;;;;;;;;;;
;;;;;;;;;;;;;;;;
;;;;;;;;;;;;;;;;
;;;;;;;;;;;;;;;;
;;;;;;;;;;;;;;;;
;;;;;;;;;;;;;;;;
;;;;;;;;;;;;;;;;
;;;;;;;;;;;;;;;;
;;;;;;;;;;;;;;;;
;;;;;;;;;;;;;;;;
;;;;;;;;;;;;;;;;
;;;;;;;;;;;;;;;;
;;;;;;;;;;;;;;;;
;;;;;;;;;;;;;;;;
;;;;;;;;;;;;;;;;
;;;;;;;;;;;;;;;;
;;;;;;;;;;;;;;;;
;;;;;;;;;;;;;;;;
;;;;;;;;;;;;;;;;
;;;;;;;;;;;;;;;;
;;;;;;;;;;;;;;;;
;;;;;;;;;;;;;;;;
;;;;;;;;;;;;;;;;
;;;;;;;;;;;;;;;;
;;;;;;;;;;;;;;;;
;;;;;;;;;;;;;;;;
;;;;;;;;;;;;;;;;
;;;;;;;;;;;;;;;;
;;;;;;;;;;;;;;;;
;;;;;;;;;;;;;;;;
;;;;;;;;;;;;;;;;
;;;;;;;;;;;;;;;;
;;;;;;;;;;;;;;;;
;;;;;;;;;;;;;;;;
;;;;;;;;;;;;;;;;
;;;;;;;;;;;;;;;;
;;;;;;;;;;;;;;;;
;;;;;;;;;;;;;;;;
;;;;;;;;;;;;;;;;
;;;;;;;;;;;;;;;;
;;;;;;;;;;;;;;;;
;;;;;;;;;;;;;;;;
;;;;;;;;;;;;;;;;
;;;;;;;;;;;;;;;;
;;;;;;;;;;;;;;;;
;;;;;;;;;;;;;;;;
;;;;;;;;;;;;;;;;
;;;;;;;;;;;;;;;;
;;;;;;;;;;;;;;;;
;;;;;;;;;;;;;;;;
;;;;;;;;;;;;;;;;
;;;;;;;;;;;;;;;;
;;;;;;;;;;;;;;;;
;;;;;;;;;;;;;;;;
;;;;;;;;;;;;;;;;
;;;;;;;;;;;;;;;;
;;;;;;;;;;;;;;;;
;;;;;;;;;;;;;;;;
;;;;;;;;;;;;;;;;
;;;;;;;;;;;;;;;;
;;;;;;;;;;;;;;;;
;;;;;;;;;;;;;;;;
;;;;;;;;;;;;;;;;
;;;;;;;;;;;;;;;;
;;;;;;;;;;;;;;;;
;;;;;;;;;;;;;;;;
;;;;;;;;;;;;;;;;
;;;;;;;;;;;;;;;;
;;;;;;;;;;;;;;;;
;;;;;;;;;;;;;;;;
;;;;;;;;;;;;;;;;
;;;;;;;;;;;;;;;;
;;;;;;;;;;;;;;;;
;;;;;;;;;;;;;;;;
;;;;;;;;;;;;;;;;
;;;;;;;;;;;;;;;;
;;;;;;;;;;;;;;;;
;;;;;;;;;;;;;;;;
;;;;;;;;;;;;;;;;
;;;;;;;;;;;;;;;;
;;;;;;;;;;;;;;;;
;;;;;;;;;;;;;;;;
;;;;;;;;;;;;;;;;
;;;;;;;;;;;;;;;;
;;;;;;;;;;;;;;;;
;;;;;;;;;;;;;;;;
;;;;;;;;;;;;;;;;
;;;;;;;;;;;;;;;;
;;;;;;;;;;;;;;;;
;;;;;;;;;;;;;;;;
;;;;;;;;;;;;;;;;
;;;;;;;;;;;;;;;;
;;;;;;;;;;;;;;;;
;;;;;;;;;;;;;;;;
;;;;;;;;;;;;;;;;
;;;;;;;;;;;;;;;;
;;;;;;;;;;;;;;;;
;;;;;;;;;;;;;;;;
;;;;;;;;;;;;;;;;
;;;;;;;;;;;;;;;;
;;;;;;;;;;;;;;;;
;;;;;;;;;;;;;;;;
;;;;;;;;;;;;;;;;
;;;;;;;;;;;;;;;;
;;;;;;;;;;;;;;;;
;;;;;;;;;;;;;;;;
;;;;;;;;;;;;;;;;
;;;;;;;;;;;;;;;;
;;;;;;;;;;;;;;;;
;;;;;;;;;;;;;;;;
;;;;;;;;;;;;;;;;
;;;;;;;;;;;;;;;;
;;;;;;;;;;;;;;;;
;;;;;;;;;;;;;;;;
;;;;;;;;;;;;;;;;
;;;;;;;;;;;;;;;;
;;;;;;;;;;;;;;;;
;;;;;;;;;;;;;;;;
;;;;;;;;;;;;;;;;
;;;;;;;;;;;;;;;;
;;;;;;;;;;;;;;;;
;;;;;;;;;;;;;;;;
;;;;;;;;;;;;;;;;
;;;;;;;;;;;;;;;;
;;;;;;;;;;;;;;;;
;;;;;;;;;;;;;;;;
;;;;;;;;;;;;;;;;
;;;;;;;;;;;;;;;;
;;;;;;;;;;;;;;;;
;;;;;;;;;;;;;;;;
;;;;;;;;;;;;;;;;
;;;;;;;;;;;;;;;;
;;;;;;;;;;;;;;;;
;;;;;;;;;;;;;;;;
;;;;;;;;;;;;;;;;
;;;;;;;;;;;;;;;;
;;;;;;;;;;;;;;;;
;;;;;;;;;;;;;;;;
;;;;;;;;;;;;;;;;
;;;;;;;;;;;;;;;;
;;;;;;;;;;;;;;;;
;;;;;;;;;;;;;;;;
;;;;;;;;;;;;;;;;
;;;;;;;;;;;;;;;;
;;;;;;;;;;;;;;;;
;;;;;;;;;;;;;;;;
;;;;;;;;;;;;;;;;
;;;;;;;;;;;;;;;;
;;;;;;;;;;;;;;;;
;;;;;;;;;;;;;;;;
;;;;;;;;;;;;;;;;
;;;;;;;;;;;;;;;;
;;;;;;;;;;;;;;;;
;;;;;;;;;;;;;;;;
;;;;;;;;;;;;;;;;
;;;;;;;;;;;;;;;;
;;;;;;;;;;;;;;;;
;;;;;;;;;;;;;;;;
;;;;;;;;;;;;;;;;
;;;;;;;;;;;;;;;;
;;;;;;;;;;;;;;;;
;;;;;;;;;;;;;;;;
;;;;;;;;;;;;;;;;
;;;;;;;;;;;;;;;;
;;;;;;;;;;;;;;;;
;;;;;;;;;;;;;;;;
;;;;;;;;;;;;;;;;
;;;;;;;;;;;;;;;;
;;;;;;;;;;;;;;;;
;;;;;;;;;;;;;;;;
;;;;;;;;;;;;;;;;
;;;;;;;;;;;;;;;;
;;;;;;;;;;;;;;;;
;;;;;;;;;;;;;;;;
;;;;;;;;;;;;;;;;
;;;;;;;;;;;;;;;;
;;;;;;;;;;;;;;;;
;;;;;;;;;;;;;;;;
;;;;;;;;;;;;;;;;
;;;;;;;;;;;;;;;;
;;;;;;;;;;;;;;;;
;;;;;;;;;;;;;;;;
;;;;;;;;;;;;;;;;
;;;;;;;;;;;;;;;;
;;;;;;;;;;;;;;;;
;;;;;;;;;;;;;;;;
;;;;;;;;;;;;;;;;
;;;;;;;;;;;;;;;;
;;;;;;;;;;;;;;;;
;;;;;;;;;;;;;;;;
;;;;;;;;;;;;;;;;
;;;;;;;;;;;;;;;;
;;;;;;;;;;;;;;;;
;;;;;;;;;;;;;;;;
;;;;;;;;;;;;;;;;
;;;;;;;;;;;;;;;;
;;;;;;;;;;;;;;;;
;;;;;;;;;;;;;;;;
;;;;;;;;;;;;;;;;
;;;;;;;;;;;;;;;;
;;;;;;;;;;;;;;;;
;;;;;;;;;;;;;;;;
;;;;;;;;;;;;;;;;
;;;;;;;;;;;;;;;;
;;;;;;;;;;;;;;;;
;;;;;;;;;;;;;;;;
;;;;;;;;;;;;;;;;
;;;;;;;;;;;;;;;;
;;;;;;;;;;;;;;;;
;;;;;;;;;;;;;;;;
;;;;;;;;;;;;;;;;
;;;;;;;;;;;;;;;;
;;;;;;;;;;;;;;;;
;;;;;;;;;;;;;;;;
;;;;;;;;;;;;;;;;
;;;;;;;;;;;;;;;;
;;;;;;;;;;;;;;;;
;;;;;;;;;;;;;;;;
;;;;;;;;;;;;;;;;
;;;;;;;;;;;;;;;;
;;;;;;;;;;;;;;;;
;;;;;;;;;;;;;;;;
;;;;;;;;;;;;;;;;
;;;;;;;;;;;;;;;;
;;;;;;;;;;;;;;;;
;;;;;;;;;;;;;;;;
;;;;;;;;;;;;;;;;
;;;;;;;;;;;;;;;;
;;;;;;;;;;;;;;;;
;;;;;;;;;;;;;;;;
;;;;;;;;;;;;;;;;
;;;;;;;;;;;;;;;;
;;;;;;;;;;;;;;;;
;;;;;;;;;;;;;;;;
;;;;;;;;;;;;;;;;
;;;;;;;;;;;;;;;;
;;;;;;;;;;;;;;;;
;;;;;;;;;;;;;;;;
;;;;;;;;;;;;;;;;
;;;;;;;;;;;;;;;;
;;;;;;;;;;;;;;;;
;;;;;;;;;;;;;;;;
;;;;;;;;;;;;;;;;
;;;;;;;;;;;;;;;;
;;;;;;;;;;;;;;;;
;;;;;;;;;;;;;;;;
;;;;;;;;;;;;;;;;
;;;;;;;;;;;;;;;;
;;;;;;;;;;;;;;;;
;;;;;;;;;;;;;;;;
;;;;;;;;;;;;;;;;
;;;;;;;;;;;;;;;;
;;;;;;;;;;;;;;;;
;;;;;;;;;;;;;;;;
;;;;;;;;;;;;;;;;
;;;;;;;;;;;;;;;;
;;;;;;;;;;;;;;;;
;;;;;;;;;;;;;;;;
;;;;;;;;;;;;;;;;
;;;;;;;;;;;;;;;;
;;;;;;;;;;;;;;;;
;;;;;;;;;;;;;;;;
;;;;;;;;;;;;;;;;
;;;;;;;;;;;;;;;;
;;;;;;;;;;;;;;;;
;;;;;;;;;;;;;;;;
;;;;;;;;;;;;;;;;
;;;;;;;;;;;;;;;;
;;;;;;;;;;;;;;;;
;;;;;;;;;;;;;;;;
;;;;;;;;;;;;;;;;
;;;;;;;;;;;;;;;;
;;;;;;;;;;;;;;;;
;;;;;;;;;;;;;;;;
;;;;;;;;;;;;;;;;
;;;;;;;;;;;;;;;;
;;;;;;;;;;;;;;;;
;;;;;;;;;;;;;;;;
;;;;;;;;;;;;;;;;
;;;;;;;;;;;;;;;;
;;;;;;;;;;;;;;;;
;;;;;;;;;;;;;;;;
;;;;;;;;;;;;;;;;
;;;;;;;;;;;;;;;;
;;;;;;;;;;;;;;;;
;;;;;;;;;;;;;;;;
;;;;;;;;;;;;;;;;
;;;;;;;;;;;;;;;;
;;;;;;;;;;;;;;;;
;;;;;;;;;;;;;;;;
;;;;;;;;;;;;;;;;
;;;;;;;;;;;;;;;;
;;;;;;;;;;;;;;;;
;;;;;;;;;;;;;;;;
;;;;;;;;;;;;;;;;
;;;;;;;;;;;;;;;;
;;;;;;;;;;;;;;;;
;;;;;;;;;;;;;;;;
;;;;;;;;;;;;;;;;
;;;;;;;;;;;;;;;;
;;;;;;;;;;;;;;;;
;;;;;;;;;;;;;;;;
;;;;;;;;;;;;;;;;
;;;;;;;;;;;;;;;;
;;;;;;;;;;;;;;;;
;;;;;;;;;;;;;;;;
;;;;;;;;;;;;;;;;
;;;;;;;;;;;;;;;;
;;;;;;;;;;;;;;;;
;;;;;;;;;;;;;;;;
;;;;;;;;;;;;;;;;
;;;;;;;;;;;;;;;;
;;;;;;;;;;;;;;;;
;;;;;;;;;;;;;;;;
;;;;;;;;;;;;;;;;
;;;;;;;;;;;;;;;;
;;;;;;;;;;;;;;;;
;;;;;;;;;;;;;;;;
;;;;;;;;;;;;;;;;
;;;;;;;;;;;;;;;;
;;;;;;;;;;;;;;;;
;;;;;;;;;;;;;;;;
;;;;;;;;;;;;;;;;
;;;;;;;;;;;;;;;;
;;;;;;;;;;;;;;;;
;;;;;;;;;;;;;;;;
;;;;;;;;;;;;;;;;
;;;;;;;;;;;;;;;;
;;;;;;;;;;;;;;;;
;;;;;;;;;;;;;;;;
;;;;;;;;;;;;;;;;
;;;;;;;;;;;;;;;;
;;;;;;;;;;;;;;;;
;;;;;;;;;;;;;;;;
;;;;;;;;;;;;;;;;
;;;;;;;;;;;;;;;;
;;;;;;;;;;;;;;;;
;;;;;;;;;;;;;;;;
;;;;;;;;;;;;;;;;
;;;;;;;;;;;;;;;;
;;;;;;;;;;;;;;;;
;;;;;;;;;;;;;;;;
;;;;;;;;;;;;;;;;
;;;;;;;;;;;;;;;;
;;;;;;;;;;;;;;;;
;;;;;;;;;;;;;;;;
;;;;;;;;;;;;;;;;
;;;;;;;;;;;;;;;;
;;;;;;;;;;;;;;;;
;;;;;;;;;;;;;;;;
;;;;;;;;;;;;;;;;
;;;;;;;;;;;;;;;;
;;;;;;;;;;;;;;;;
;;;;;;;;;;;;;;;;
;;;;;;;;;;;;;;;;
;;;;;;;;;;;;;;;;
;;;;;;;;;;;;;;;;
;;;;;;;;;;;;;;;;
;;;;;;;;;;;;;;;;
;;;;;;;;;;;;;;;;
;;;;;;;;;;;;;;;;
;;;;;;;;;;;;;;;;
;;;;;;;;;;;;;;;;
;;;;;;;;;;;;;;;;
;;;;;;;;;;;;;;;;
;;;;;;;;;;;;;;;;
;;;;;;;;;;;;;;;;
;;;;;;;;;;;;;;;;
;;;;;;;;;;;;;;;;
;;;;;;;;;;;;;;;;
;;;;;;;;;;;;;;;;
;;;;;;;;;;;;;;;;
;;;;;;;;;;;;;;;;
;;;;;;;;;;;;;;;;
;;;;;;;;;;;;;;;;
;;;;;;;;;;;;;;;;
;;;;;;;;;;;;;;;;
;;;;;;;;;;;;;;;;
;;;;;;;;;;;;;;;;
;;;;;;;;;;;;;;;;
;;;;;;;;;;;;;;;;
;;;;;;;;;;;;;;;;
;;;;;;;;;;;;;;;;
;;;;;;;;;;;;;;;;
;;;;;;;;;;;;;;;;
;;;;;;;;;;;;;;;;
;;;;;;;;;;;;;;;;
;;;;;;;;;;;;;;;;
;;;;;;;;;;;;;;;;
;;;;;;;;;;;;;;;;
;;;;;;;;;;;;;;;;
;;;;;;;;;;;;;;;;
;;;;;;;;;;;;;;;;
;;;;;;;;;;;;;;;;
;;;;;;;;;;;;;;;;
;;;;;;;;;;;;;;;;
;;;;;;;;;;;;;;;;
;;;;;;;;;;;;;;;;
;;;;;;;;;;;;;;;;
;;;;;;;;;;;;;;;;
;;;;;;;;;;;;;;;;
;;;;;;;;;;;;;;;;
;;;;;;;;;;;;;;;;
;;;;;;;;;;;;;;;;
;;;;;;;;;;;;;;;;
;;;;;;;;;;;;;;;;
;;;;;;;;;;;;;;;;
;;;;;;;;;;;;;;;;
;;;;;;;;;;;;;;;;
;;;;;;;;;;;;;;;;
;;;;;;;;;;;;;;;;
;;;;;;;;;;;;;;;;
;;;;;;;;;;;;;;;;
;;;;;;;;;;;;;;;;
;;;;;;;;;;;;;;;;
;;;;;;;;;;;;;;;;
;;;;;;;;;;;;;;;;
;;;;;;;;;;;;;;;;
;;;;;;;;;;;;;;;;
;;;;;;;;;;;;;;;;
;;;;;;;;;;;;;;;;
;;;;;;;;;;;;;;;;
;;;;;;;;;;;;;;;;
;;;;;;;;;;;;;;;;
;;;;;;;;;;;;;;;;
;;;;;;;;;;;;;;;;
;;;;;;;;;;;;;;;;
;;;;;;;;;;;;;;;;
;;;;;;;;;;;;;;;;
;;;;;;;;;;;;;;;;
;;;;;;;;;;;;;;;;
;;;;;;;;;;;;;;;;
;;;;;;;;;;;;;;;;
;;;;;;;;;;;;;;;;
;;;;;;;;;;;;;;;;
;;;;;;;;;;;;;;;;
;;;;;;;;;;;;;;;;
;;;;;;;;;;;;;;;;
;;;;;;;;;;;;;;;;
;;;;;;;;;;;;;;;;
;;;;;;;;;;;;;;;;
;;;;;;;;;;;;;;;;
;;;;;;;;;;;;;;;;
;;;;;;;;;;;;;;;;
;;;;;;;;;;;;;;;;
;;;;;;;;;;;;;;;;
;;;;;;;;;;;;;;;;
;;;;;;;;;;;;;;;;
;;;;;;;;;;;;;;;;
;;;;;;;;;;;;;;;;
;;;;;;;;;;;;;;;;
;;;;;;;;;;;;;;;;
;;;;;;;;;;;;;;;;
;;;;;;;;;;;;;;;;
;;;;;;;;;;;;;;;;
;;;;;;;;;;;;;;;;
;;;;;;;;;;;;;;;;
;;;;;;;;;;;;;;;;
;;;;;;;;;;;;;;;;
;;;;;;;;;;;;;;;;
;;;;;;;;;;;;;;;;
;;;;;;;;;;;;;;;;
;;;;;;;;;;;;;;;;
;;;;;;;;;;;;;;;;
;;;;;;;;;;;;;;;;
;;;;;;;;;;;;;;;;
;;;;;;;;;;;;;;;;
;;;;;;;;;;;;;;;;
;;;;;;;;;;;;;;;;
;;;;;;;;;;;;;;;;
;;;;;;;;;;;;;;;;
;;;;;;;;;;;;;;;;
;;;;;;;;;;;;;;;;
;;;;;;;;;;;;;;;;
;;;;;;;;;;;;;;;;
;;;;;;;;;;;;;;;;
;;;;;;;;;;;;;;;;
;;;;;;;;;;;;;;;;
;;;;;;;;;;;;;;;;
;;;;;;;;;;;;;;;;
;;;;;;;;;;;;;;;;
;;;;;;;;;;;;;;;;
;;;;;;;;;;;;;;;;
;;;;;;;;;;;;;;;;
;;;;;;;;;;;;;;;;
;;;;;;;;;;;;;;;;
;;;;;;;;;;;;;;;;
;;;;;;;;;;;;;;;;
;;;;;;;;;;;;;;;;
;;;;;;;;;;;;;;;;
;;;;;;;;;;;;;;;;
;;;;;;;;;;;;;;;;
;;;;;;;;;;;;;;;;
;;;;;;;;;;;;;;;;
;;;;;;;;;;;;;;;;
;;;;;;;;;;;;;;;;
;;;;;;;;;;;;;;;;
;;;;;;;;;;;;;;;;
;;;;;;;;;;;;;;;;
;;;;;;;;;;;;;;;;
;;;;;;;;;;;;;;;;
;;;;;;;;;;;;;;;;
;;;;;;;;;;;;;;;;
;;;;;;;;;;;;;;;;
;;;;;;;;;;;;;;;;
;;;;;;;;;;;;;;;;
;;;;;;;;;;;;;;;;
;;;;;;;;;;;;;;;;
;;;;;;;;;;;;;;;;
;;;;;;;;;;;;;;;;
;;;;;;;;;;;;;;;;
;;;;;;;;;;;;;;;;
;;;;;;;;;;;;;;;;
;;;;;;;;;;;;;;;;
;;;;;;;;;;;;;;;;
;;;;;;;;;;;;;;;;
;;;;;;;;;;;;;;;;
;;;;;;;;;;;;;;;;
;;;;;;;;;;;;;;;;
;;;;;;;;;;;;;;;;
;;;;;;;;;;;;;;;;
;;;;;;;;;;;;;;;;
;;;;;;;;;;;;;;;;
;;;;;;;;;;;;;;;;
;;;;;;;;;;;;;;;;
;;;;;;;;;;;;;;;;
;;;;;;;;;;;;;;;;
;;;;;;;;;;;;;;;;
;;;;;;;;;;;;;;;;
;;;;;;;;;;;;;;;;
;;;;;;;;;;;;;;;;
;;;;;;;;;;;;;;;;
;;;;;;;;;;;;;;;;
;;;;;;;;;;;;;;;;
;;;;;;;;;;;;;;;;
;;;;;;;;;;;;;;;;
;;;;;;;;;;;;;;;;
;;;;;;;;;;;;;;;;
;;;;;;;;;;;;;;;;
;;;;;;;;;;;;;;;;
;;;;;;;;;;;;;;;;
;;;;;;;;;;;;;;;;
;;;;;;;;;;;;;;;;
;;;;;;;;;;;;;;;;
;;;;;;;;;;;;;;;;
;;;;;;;;;;;;;;;;
;;;;;;;;;;;;;;;;
;;;;;;;;;;;;;;;;
;;;;;;;;;;;;;;;;
;;;;;;;;;;;;;;;;
;;;;;;;;;;;;;;;;
;;;;;;;;;;;;;;;;
;;;;;;;;;;;;;;;;
;;;;;;;;;;;;;;;;
;;;;;;;;;;;;;;;;
;;;;;;;;;;;;;;;;
;;;;;;;;;;;;;;;;
;;;;;;;;;;;;;;;;
;;;;;;;;;;;;;;;;
;;;;;;;;;;;;;;;;
;;;;;;;;;;;;;;;;
;;;;;;;;;;;;;;;;
;;;;;;;;;;;;;;;;
;;;;;;;;;;;;;;;;
;;;;;;;;;;;;;;;;
;;;;;;;;;;;;;;;;
;;;;;;;;;;;;;;;;
;;;;;;;;;;;;;;;;
;;;;;;;;;;;;;;;;
;;;;;;;;;;;;;;;;
;;;;;;;;;;;;;;;;
;;;;;;;;;;;;;;;;
;;;;;;;;;;;;;;;;
;;;;;;;;;;;;;;;;
;;;;;;;;;;;;;;;;
;;;;;;;;;;;;;;;;
;;;;;;;;;;;;;;;;
;;;;;;;;;;;;;;;;
;;;;;;;;;;;;;;;;
;;;;;;;;;;;;;;;;
;;;;;;;;;;;;;;;;
;;;;;;;;;;;;;;;;
;;;;;;;;;;;;;;;;
;;;;;;;;;;;;;;;;
;;;;;;;;;;;;;;;;
;;;;;;;;;;;;;;;;
;;;;;;;;;;;;;;;;
;;;;;;;;;;;;;;;;
;;;;;;;;;;;;;;;;
;;;;;;;;;;;;;;;;
;;;;;;;;;;;;;;;;
;;;;;;;;;;;;;;;;
;;;;;;;;;;;;;;;;
;;;;;;;;;;;;;;;;
;;;;;;;;;;;;;;;;
;;;;;;;;;;;;;;;;
;;;;;;;;;;;;;;;;
;;;;;;;;;;;;;;;;
;;;;;;;;;;;;;;;;
;;;;;;;;;;;;;;;;
;;;;;;;;;;;;;;;;
;;;;;;;;;;;;;;;;
;;;;;;;;;;;;;;;;
;;;;;;;;;;;;;;;;
;;;;;;;;;;;;;;;;
;;;;;;;;;;;;;;;;
;;;;;;;;;;;;;;;;
;;;;;;;;;;;;;;;;
;;;;;;;;;;;;;;;;
;;;;;;;;;;;;;;;;
;;;;;;;;;;;;;;;;
;;;;;;;;;;;;;;;;
;;;;;;;;;;;;;;;;
;;;;;;;;;;;;;;;;
;;;;;;;;;;;;;;;;
;;;;;;;;;;;;;;;;
;;;;;;;;;;;;;;;;
;;;;;;;;;;;;;;;;
;;;;;;;;;;;;;;;;
;;;;;;;;;;;;;;;;
;;;;;;;;;;;;;;;;
;;;;;;;;;;;;;;;;
;;;;;;;;;;;;;;;;
;;;;;;;;;;;;;;;;
;;;;;;;;;;;;;;;;
;;;;;;;;;;;;;;;;
;;;;;;;;;;;;;;;;
;;;;;;;;;;;;;;;;
;;;;;;;;;;;;;;;;
;;;;;;;;;;;;;;;;
;;;;;;;;;;;;;;;;
;;;;;;;;;;;;;;;;
;;;;;;;;;;;;;;;;
;;;;;;;;;;;;;;;;
;;;;;;;;;;;;;;;;
;;;;;;;;;;;;;;;;
;;;;;;;;;;;;;;;;
;;;;;;;;;;;;;;;;
;;;;;;;;;;;;;;;;
;;;;;;;;;;;;;;;;
;;;;;;;;;;;;;;;;
;;;;;;;;;;;;;;;;
;;;;;;;;;;;;;;;;
;;;;;;;;;;;;;;;;
;;;;;;;;;;;;;;;;
;;;;;;;;;;;;;;;;
;;;;;;;;;;;;;;;;
;;;;;;;;;;;;;;;;
;;;;;;;;;;;;;;;;
;;;;;;;;;;;;;;;;
;;;;;;;;;;;;;;;;
;;;;;;;;;;;;;;;;
;;;;;;;;;;;;;;;;
;;;;;;;;;;;;;;;;
;;;;;;;;;;;;;;;;
;;;;;;;;;;;;;;;;
;;;;;;;;;;;;;;;;
;;;;;;;;;;;;;;;;
;;;;;;;;;;;;;;;;
;;;;;;;;;;;;;;;;
;;;;;;;;;;;;;;;;
;;;;;;;;;;;;;;;;
;;;;;;;;;;;;;;;;
;;;;;;;;;;;;;;;;
;;;;;;;;;;;;;;;;
;;;;;;;;;;;;;;;;
;;;;;;;;;;;;;;;;
;;;;;;;;;;;;;;;;
;;;;;;;;;;;;;;;;
;;;;;;;;;;;;;;;;
;;;;;;;;;;;;;;;;
;;;;;;;;;;;;;;;;
;;;;;;;;;;;;;;;;
;;;;;;;;;;;;;;;;
;;;;;;;;;;;;;;;;
;;;;;;;;;;;;;;;;
;;;;;;;;;;;;;;;;
;;;;;;;;;;;;;;;;
;;;;;;;;;;;;;;;;
;;;;;;;;;;;;;;;;
;;;;;;;;;;;;;;;;
;;;;;;;;;;;;;;;;
;;;;;;;;;;;;;;;;
;;;;;;;;;;;;;;;;
;;;;;;;;;;;;;;;;
;;;;;;;;;;;;;;;;
;;;;;;;;;;;;;;;;
;;;;;;;;;;;;;;;;
;;;;;;;;;;;;;;;;
;;;;;;;;;;;;;;;;
;;;;;;;;;;;;;;;;
;;;;;;;;;;;;;;;;
;;;;;;;;;;;;;;;;
;;;;;;;;;;;;;;;;
;;;;;;;;;;;;;;;;
;;;;;;;;;;;;;;;;
;;;;;;;;;;;;;;;;
;;;;;;;;;;;;;;;;
;;;;;;;;;;;;;;;;
;;;;;;;;;;;;;;;;
;;;;;;;;;;;;;;;;
;;;;;;;;;;;;;;;;
;;;;;;;;;;;;;;;;
;;;;;;;;;;;;;;;;
;;;;;;;;;;;;;;;;
;;;;;;;;;;;;;;;;
;;;;;;;;;;;;;;;;
;;;;;;;;;;;;;;;;
;;;;;;;;;;;;;;;;
;;;;;;;;;;;;;;;;
;;;;;;;;;;;;;;;;
;;;;;;;;;;;;;;;;
;;;;;;;;;;;;;;;;
;;;;;;;;;;;;;;;;
;;;;;;;;;;;;;;;;
;;;;;;;;;;;;;;;;
;;;;;;;;;;;;;;;;
;;;;;;;;;;;;;;;;
;;;;;;;;;;;;;;;;
