"high"	"low"	"open"	"close"	"volume"	"adj close"	"Day"	"adj close"	"close_-1_s"	"close_-1_d"	"closepm"	"closenm"	"closepm_14_smma"	"closenm_14_smma"	"rsi_14"	"Price difference"	"Buy Sell"
"18.90500069"	"18.07500076"	"18.17499924"	"18.90500069"	2750582	"18.27375603"	"0.7300014496"	"18.27375603"	"18.00499916"	"0.9000015259"	"0.9000015259"	0	"0.4666674579"	"0.05537117852"	"89.3932796"	"0.7300014496"	"BUY"
"19.41500092"	"18.94000053"	"18.94000053"	"19.38500023"	2536729	"18.73772812"	"0.4449996948"	"18.73772812"	"18.90500069"	"0.4799995422"	"0.4799995422"	0	"0.471444585"	"0.03553068311"	"92.99163384"	"0.4449996948"	"BUY"
"19.88500023"	"19.26499939"	"19.37999916"	"19.63500023"	3261137	"18.97937965"	"0.2550010681"	"18.97937965"	"19.38500023"	"0.25"	"0.25"	0	"0.4097861435"	"0.02563761416"	"94.11203139"	"0.2550010681"	"BUY"
"20.27000046"	"19.56999969"	"19.875"	"19.79500008"	2997551	"19.13403702"	"-0.07999992371"	"19.13403702"	"19.63500023"	"0.1599998474"	"0.1599998474"	0	"0.3521644974"	"0.01972343251"	"94.69640423"	"-0.07999992371"	"SELL"
"20.06999969"	"19.39500046"	"19.59499931"	"20.06999969"	2446236	"19.39985466"	"0.4750003815"	"19.39985466"	"19.79500008"	"0.2749996185"	"0.2749996185"	0	"0.3368092196"	"0.01579860571"	"95.51949657"	"0.4750003815"	"BUY"
"20.44000053"	"19.93499947"	"20.15999985"	"20.30999947"	2658444	"19.63183975"	"0.1499996185"	"19.63183975"	"20.06999969"	"0.2399997711"	"0.2399997711"	0	"0.3197242448"	"0.0130104607"	"96.0898396"	"0.1499996185"	"BUY"
20/05/20	"19.95000076"	"20.06999969"	"20.37000084"	1869685	"19.68983841"	"0.3000011444"	"19.68983841"	"20.30999947"	"0.06000137329"	"0.06000137329"	0	"0.2782456413"	"0.010932647"	"96.21940946"	"0.3000011444"	"BUY"
"20.86000061"	"20.12999916"	"20.59000015"	"20.63999939"	3648430	"19.95082092"	"0.04999923706"	"19.95082092"	"20.37000084"	"0.2699985504"	"0.2699985504"	0	"0.2770353883"	"0.009328291138"	"96.742502"	"0.04999923706"	"BUY"
"21.37999916"	"20.59000015"	"20.61000061"	"21.31999969"	4033171	"20.60811615"	"0.7099990845"	"20.60811615"	"20.63999939"	"0.6800003052"	"0.6800003052"	0	"0.3320280435"	"0.008055258482"	"97.63138665"	"0.7099990845"	"BUY"
"21.30999947"	"20.84000015"	"21.20000076"	"21.09000015"	2482361	"20.3857975"	"-0.1100006104"	"20.3857975"	"21.31999969"	"-0.2299995422"	0	"0.2299995422"	"0.2894833222"	"0.03649429516"	"88.80466228"	"-0.1100006104"	"SELL"
"21.59000015"	"21.06999969"	"21.29999924"	"21.32999992"	2406143	"20.61778259"	"0.03000068665"	"20.61778259"	"21.09000015"	"0.2399997711"	"0.2399997711"	0	"0.2834829658"	"0.03206901097"	"89.83717"	"0.03000068665"	"BUY"
"21.38999939"	"21.19000053"	"21.30999947"	"21.25"	1263187	"20.54045486"	"-0.05999946594"	"20.54045486"	"21.32999992"	"-0.07999992371"	0	"0.07999992371"	"0.2507395681"	"0.03760521994"	"86.9582453"	"-0.05999946594"	"SELL"
"21.37000084"	"21.09000015"	"21.14999962"	"21.34000015"	1756827	"20.62744904"	"0.1900005341"	"20.62744904"	"21.25"	"0.09000015259"	"0.09000015259"	0	"0.2329572935"	"0.03344503094"	"87.4456685"	"0.1900005341"	"BUY"
"21.28000069"	"20.88999939"	"21.23999977"	21	3242209	"20.29880142"	"-0.2399997711"	"20.29880142"	"21.34000015"	"-0.3400001526"	0	"0.3400001526"	"0.208157826"	"0.06607935481"	"75.90430495"	"-0.2399997711"	"SELL"
"21.56999969"	"20.79000092"	"20.86000061"	"21.56999969"	2130007	"20.84976959"	"0.7099990845"	"20.84976959"	21	"0.5699996948"	"0.5699996948"	0	"0.2453741457"	"0.05928293183"	"80.54109482"	"0.7099990845"	"BUY"
"21.95000076"	"21.69000053"	"21.69000053"	"21.93000031"	2518674	"21.19774818"	"0.2399997711"	"21.19774818"	"21.56999969"	"0.3600006104"	"0.3600006104"	0	"0.2568045693"	"0.05337130378"	"82.79321236"	"0.2399997711"	"BUY"
"21.98999977"	"21.55999947"	"21.73999977"	"21.57999992"	2014747	"20.85943413"	"-0.1599998474"	"20.85943413"	"21.93000031"	"-0.3500003815"	0	"0.3500003815"	"0.2319008376"	"0.082137034"	"73.8448635"	"-0.1599998474"	"SELL"
"22.04000092"	"21.19000053"	"21.51000023"	"21.69000053"	2281409	"20.96576309"	"0.1800003052"	"20.96576309"	"21.57999992"	"0.1100006104"	"0.1100006104"	0	"0.2203739863"	"0.07437017909"	"74.76788761"	"0.1800003052"	"BUY"
"22.22999954"	"21.59000015"	"21.87999916"	"21.98999977"	2476121	"21.25574493"	"0.1100006104"	"21.25574493"	"21.86000061"	"0.1299991608"	"0.1299991608"	0	"0.2079589019"	"0.06138683631"	"77.20890751"	"0.1100006104"	"BUY"
"22.42000008"	"22.02000046"	"22.20000076"	"22.23999977"	1929049	"21.49739647"	"0.03999900818"	"21.49739647"	"21.98999977"	"0.25"	"0.25"	0	"0.2116932278"	"0.05593411363"	"79.10000027"	"0.03999900818"	"BUY"
"22.35000038"	"21.71999931"	"22.22999954"	"21.88999939"	1765704	"21.15908432"	"-0.3400001526"	"21.15908432"	"22.23999977"	"-0.3500003815"	0	"0.3500003815"	"0.1932109855"	"0.08160807617"	"70.30479776"	"-0.3400001526"	"SELL"
"22.07999992"	"21.67000008"	"21.98999977"	"21.92000008"	1369292	"21.18808174"	"-0.06999969482"	"21.18808174"	"21.88999939"	"0.03000068665"	"0.03000068665"	0	"0.1791843461"	"0.07459450493"	"70.60649277"	"-0.06999969482"	"SELL"
"21.90999985"	"21.48999977"	"21.80999947"	"21.55999947"	2700591	"20.84010315"	"-0.25"	"20.84010315"	"21.92000008"	"-0.3600006104"	0	"0.3600006104"	"0.1640051669"	"0.09877200983"	"62.41225701"	"-0.25"	"SELL"
"21.62999916"	"20.92000008"	"21.47999954"	"20.92000008"	3709449	"20.22147369"	"-0.5599994659"	"20.22147369"	"21.55999947"	"-0.6399993896"	0	"0.6399993896"	"0.1502939963"	"0.1440197365"	"51.06591352"	"-0.5599994659"	"SELL"
"21.13999939"	"20.51000023"	"20.80999947"	"20.62000084"	2538835	"19.93148994"	"-0.1899986267"	"19.93148994"	"20.92000008"	"-0.2999992371"	0	"0.2999992371"	"0.1378802267"	"0.1569031092"	"46.77341284"	"-0.1899986267"	"SELL"
"21.20000076"	"20.73999977"	"20.75"	"21.07999992"	2368848	"20.37613106"	"0.3299999237"	"20.37613106"	"20.62000084"	"0.4599990845"	"0.4599990845"	0	"0.1641922883"	"0.1440865846"	"53.26096036"	"0.3299999237"	"BUY"
"21.89999962"	21/05/20	"21.63999939"	"21.68000031"	2976075	"20.95609665"	"0.04000091553"	"20.95609665"	"21.07999992"	"0.6000003815"	"0.6000003815"	0	"0.1994295933"	"0.1324364501"	"60.09340132"	"0.04000091553"	"BUY"
"21.87999916"	"21.36000061"	"21.79999924"	"21.38999939"	2408846	"20.67577934"	"-0.4099998474"	"20.67577934"	"21.68000031"	"-0.2900009155"	0	"0.2900009155"	"0.1834552768"	"0.1450573686"	"55.8442055"	"-0.4099998474"	"SELL"
"21.68000031"	"20.87000084"	"21.46999931"	"20.93000031"	2512137	"20.23113823"	"-0.5399990082"	"20.23113823"	"21.38999939"	"-0.4599990845"	0	"0.4599990845"	"0.1688868331"	"0.1700673367"	"49.82586089"	"-0.5399990082"	"SELL"
"21.36000061"	"20.37000084"	"20.54999924"	"21.29000092"	3170530	"20.57911873"	"0.7400016785"	"20.57911873"	"20.93000031"	"0.3600006104"	"0.3600006104"	0	"0.183943256"	"0.1566690052"	"54.00370948"	"0.7400016785"	"BUY"
"21.46999931"	"21.07999992"	"21.22999954"	"21.37000084"	1770806	"20.65644836"	"0.140001297"	"20.65644836"	"21.29000092"	"0.07999992371"	"0.07999992371"	0	"0.1758141207"	"0.1444163333"	"54.90237374"	"0.140001297"	"BUY"
"21.68000031"	"21.23999977"	"21.30999947"	"21.56999969"	1746433	"20.84976959"	"0.2600002289"	"20.84976959"	"21.37000084"	"0.1999988556"	"0.1999988556"	0	"0.1776928101"	"0.1331979579"	"57.15602661"	"0.2600002289"	"BUY"
"22.20000076"	"21.61000061"	"21.67000008"	"22.18000031"	2970438	"21.43940163"	"0.5100002289"	"21.43940163"	"21.56999969"	"0.6100006104"	"0.6100006104"	0	"0.2110661655"	"0.1229153241"	"63.19696513"	"0.5100002289"	"BUY"
"22.40999985"	"22.13999939"	"22.23999977"	"22.35000038"	2014598	"21.60372543"	"0.1100006104"	"21.60372543"	"22.18000031"	"0.1700000763"	"0.1700000763"	0	"0.207914126"	"0.1134809228"	"64.69114156"	"0.1100006104"	"BUY"
"22.46999931"	"22.12999916"	"22.23999977"	"22.30999947"	1546664	"21.56505966"	"0.06999969482"	"21.56505966"	"22.35000038"	"-0.04000091553"	0	"0.04000091553"	"0.1920401731"	"0.107870827"	"64.0323873"	"0.06999969482"	"BUY"
"22.87000084"	"22.36000061"	22/05/20	"22.76000023"	2635966	"22.00003433"	"0.2600002289"	"22.00003433"	"22.30999947"	"0.4500007629"	"0.4500007629"	0	"0.2116386783"	"0.09967536206"	"67.98237498"	"0.2600002289"	"BUY"
"22.54999924"	"21.56999969"	"22.52000046"	"22.09000015"	5070481	"21.35240555"	"-0.4300003052"	"21.35240555"	"22.76000023"	"-0.6700000763"	0	"0.6700000763"	"0.1956322402"	"0.1428095721"	"57.80380352"	"-0.4300003052"	"SELL"
"22.68000031"	"21.87999916"	22	22/05/20	3406373	"21.74871635"	"0.5"	"21.74871635"	"22.09000015"	"0.4099998474"	"0.4099998474"	0	"0.2117772222"	"0.1320539454"	"61.59337552"	"0.5"	"BUY"
"22.44000053"	"22.21999931"	"22.25"	"22.36000061"	2460117	"21.61339188"	"0.1100006104"	"21.61339188"	22/05/20	"-0.1399993896"	0	"0.1399993896"	"0.1958890734"	"0.1326500359"	"59.62427846"	"0.1100006104"	"BUY"
"23.13999939"	"22.45999908"	"22.52000046"	"22.80999947"	3349658	"22.04836464"	"0.2899990082"	"22.04836464"	"22.36000061"	"0.4499988556"	"0.4499988556"	0	"0.2148848574"	"0.1227338831"	"63.64719477"	"0.2899990082"	"BUY"
"23.25"	"22.94000053"	"23.10000038"	"23.07999992"	2666998	"22.30934906"	"-0.02000045776"	"22.30934906"	"22.80999947"	"0.2700004578"	"0.2700004578"	0	"0.2189913255"	"0.1135894163"	"65.84606322"	"-0.02000045776"	"SELL"
"23.04999924"	"22.63999939"	"22.95000076"	"22.79999924"	2542961	"22.0386982"	"-0.1500015259"	"22.0386982"	"23.07999992"	"-0.2800006866"	0	"0.2800006866"	"0.2027251231"	"0.1259500858"	"61.67946886"	"-0.1500015259"	"SELL"
"22.65999985"	"22.18000031"	"22.60000038"	"22.20999908"	2780940	"21.46839905"	"-0.390001297"	"21.46839905"	"22.79999924"	"-0.5900001526"	0	"0.5900001526"	"0.1877099215"	"0.1603207905"	"53.9348727"	"-0.390001297"	"SELL"
"22.04999924"	"21.31999969"	"22.02000046"	"21.35000038"	3983952	"20.63711548"	"-0.6700000763"	"20.63711548"	"22.20999908"	"-0.859998703"	0	"0.859998703"	"0.1738434308"	"0.2120073353"	"45.05457707"	"-0.6700000763"	"SELL"
"21.31999969"	"20.84000015"	"21.07999992"	"21.12999916"	3042043	"20.42445946"	"0.04999923706"	"20.42445946"	"21.35000038"	"-0.2200012207"	0	"0.2200012207"	"0.1610325855"	"0.2125964195"	"43.09959434"	"0.04999923706"	"BUY"
"21.56999969"	"21.12000084"	"21.12999916"	"21.54999924"	1837410	"20.83043671"	"0.4200000763"	"20.83043671"	"21.12999916"	"0.4200000763"	"0.4200000763"	0	"0.1800732863"	"0.1969651725"	"47.7599253"	"0.4200000763"	"BUY"
"21.81999969"	"21.38999939"	"21.65999985"	"21.38999939"	1944705	"20.67577934"	"-0.2700004578"	"20.67577934"	"21.54999924"	"-0.1599998474"	0	"0.1599998474"	"0.1668610217"	"0.1942529676"	"46.20729926"	"-0.2700004578"	"SELL"
"21.64999962"	"21.29000092"	"21.30999947"	"21.64999962"	2033407	"20.92709732"	"0.3400001526"	"20.92709732"	"21.38999939"	"0.2600002289"	"0.2600002289"	0	"0.1736815416"	"0.1800279567"	"49.10287749"	"0.3400001526"	"BUY"
22	"21.61000061"	"21.61000061"	"21.87000084"	2283988	"21.13975334"	"0.2600002289"	"21.13975334"	"21.64999962"	"0.2200012207"	"0.2200012207"	0	"0.1770674028"	"0.1668683306"	"51.48270027"	"0.2600002289"	"BUY"
"22.21999931"	"21.75"	"21.81999969"	"22.15999985"	3422391	"21.42006874"	"0.3400001526"	"21.42006874"	"21.87000084"	"0.2899990082"	"0.2899990082"	0	"0.1853086856"	"0.154690968"	"54.50261011"	"0.3400001526"	"BUY"
"22.54000092"	"22.14999962"	"22.15999985"	"22.28000069"	1554509	"21.53606224"	"0.1200008392"	"21.53606224"	"22.15999985"	"0.1200008392"	"0.1200008392"	0	"0.1805501512"	"0.1434196992"	"55.73054127"	"0.1200008392"	"BUY"
"22.94000053"	"22.20999908"	"22.29000092"	"22.88999939"	2641384	"22.12569237"	"0.5999984741"	"22.12569237"	"22.28000069"	"0.609998703"	"0.609998703"	0	"0.2117962942"	"0.1329846601"	"61.42923254"	"0.5999984741"	"BUY"
"22.95000076"	"22.14999962"	"22.87999916"	"22.14999962"	2255813	"21.4104023"	"-0.7299995422"	"21.4104023"	"22.88999939"	"-0.7399997711"	0	"0.7399997711"	"0.19640673"	"0.1770916548"	"52.58569728"	"-0.7299995422"	"SELL"
22/05/20	"22.02000046"	"22.11000061"	"22.20000076"	1197216	"21.45873451"	"0.09000015259"	"21.45873451"	"22.14999962"	"0.05000114441"	"0.05000114441"	0	"0.1857816985"	"0.1642396561"	"53.07724688"	"0.09000015259"	"BUY"
"22.39999962"	"21.68000031"	"22.31999969"	"21.75"	2231849	"21.02375793"	"-0.5699996948"	"21.02375793"	"22.20000076"	"-0.4500007629"	0	"0.4500007629"	"0.1723144475"	"0.1849543798"	"48.23103343"	"-0.5699996948"	"SELL"
"21.75"	"20.76000023"	"21.45999908"	"21.12000084"	2788682	"20.41479492"	"-0.3399982452"	"20.41479492"	"21.75"	"-0.6299991608"	0	"0.6299991608"	"0.1598366728"	"0.2171813264"	"42.39497137"	"-0.3399982452"	"SELL"
"21.36000061"	"20.89999962"	"21.27000046"	"21.05999947"	2117130	"20.35679817"	"-0.2100009918"	"20.35679817"	"21.12000084"	"-0.06000137329"	0	"0.06000137329"	"0.1482738297"	"0.2058106746"	"41.87526646"	"-0.2100009918"	"SELL"
"21.94000053"	"21.12000084"	"21.19000053"	"21.62999916"	2983354	"20.90776443"	"0.4399986267"	"20.90776443"	"21.05999947"	"0.5699996948"	"0.5699996948"	0	"0.1787543301"	"0.1909355795"	"48.35250448"	"0.4399986267"	"BUY"
"21.70999908"	"21.31999969"	"21.60000038"	"21.31999969"	1690407	"20.60811615"	"-0.2800006866"	"20.60811615"	"21.62999916"	"-0.3099994659"	0	"0.3099994659"	"0.1658456835"	"0.1995337132"	"45.38999325"	"-0.2800006866"	"SELL"
"21.84000015"	21/05/20	"21.52000046"	"21.73999977"	2210294	"21.01409149"	"0.2199993134"	"21.01409149"	"21.31999969"	"0.4200000763"	"0.4200000763"	0	"0.1841848921"	"0.1851358098"	"49.87126124"	"0.2199993134"	"BUY"
"22.64999962"	22	"22.04000092"	"22.64999962"	2616658	"21.89370728"	"0.609998703"	"21.89370728"	"21.73999977"	"0.9099998474"	"0.9099998474"	0	"0.2365199031"	"0.1717865607"	"57.92705335"	"0.609998703"	"BUY"
"23.10000038"	"22.44000053"	"22.73999977"	"23.03000069"	2624925	"22.26101875"	"0.2900009155"	"22.26101875"	"22.64999962"	"0.3800010681"	"0.3800010681"	0	"0.2468586418"	"0.1594082366"	"60.76267963"	"0.2900009155"	"BUY"
"23.54000092"	23	"23.02000046"	"23.22999954"	2677915	"22.45433998"	"0.2099990845"	"22.45433998"	"23.03000069"	"0.1999988556"	"0.1999988556"	0	"0.2434842121"	"0.1479290574"	"62.2064276"	"0.2099990845"	"BUY"
"23.40999985"	"22.86000061"	"23.11000061"	"23.30999947"	2168781	"22.53166962"	"0.1999988556"	"22.53166962"	"23.22999954"	"0.07999992371"	"0.07999992371"	0	"0.2317183667"	"0.1372827106"	"62.796122"	"0.1999988556"	"BUY"
"23.42000008"	"23.22999954"	"23.30999947"	"23.22999954"	1806107	"22.45433998"	"-0.07999992371"	"22.45433998"	"23.30999947"	"-0.07999992371"	0	"0.07999992371"	"0.2150507764"	"0.133162338"	"61.75837943"	"-0.07999992371"	"SELL"
"23.29999924"	"22.89999962"	23	"23.17000008"	1948164	"22.39634514"	"0.1700000763"	"22.39634514"	"23.22999954"	"-0.05999946594"	0	"0.05999946594"	"0.1995898506"	"0.1279023442"	"60.94491831"	"0.1700000763"	"BUY"
"23.46999931"	"22.87999916"	"23.04000092"	"22.95000076"	1741340	"22.18369102"	"-0.09000015259"	"22.18369102"	"23.17000008"	"-0.2199993134"	0	"0.2199993134"	"0.1852471572"	"0.1345205094"	"57.93179754"	"-0.09000015259"	"SELL"
"23.22999954"	"22.80999947"	"22.89999962"	"22.90999985"	2130071	"22.14502525"	"0.01000022888"	"22.14502525"	"22.95000076"	"-0.04000091553"	0	"0.04000091553"	"0.1719408935"	"0.1277311872"	"57.37634721"	"0.01000022888"	"BUY"
"23.56999969"	"23.04000092"	"23.04000092"	"23.47999954"	2417850	"22.69599342"	"0.4399986267"	"22.69599342"	"22.90999985"	"0.5699996948"	"0.5699996948"	0	"0.2005219049"	"0.118559963"	"62.84340325"	"0.4399986267"	"BUY"
"24.09000015"	"23.31999969"	"23.45000076"	"23.93000031"	2567227	"23.13096809"	"0.4799995422"	"23.13096809"	"23.47999954"	"0.4500007629"	"0.4500007629"	0	"0.2184280627"	"0.1100504106"	"66.4969185"	"0.4799995422"	"BUY"
"24.13999939"	"23.84000015"	"23.89999962"	"24.09000015"	1546779	"23.28562546"	"0.1900005341"	"23.28562546"	"23.93000031"	"0.1599998474"	"0.1599998474"	0	"0.2142358705"	"0.1021543545"	"67.71254406"	"0.1900005341"	"BUY"
"24.46999931"	"24.12999916"	"24.14999962"	"24.20999908"	2078137	"23.40161705"	"0.05999946594"	"23.40161705"	"24.09000015"	"0.1199989319"	"0.1199989319"	0	"0.2074765912"	"0.09482718719"	"68.63182204"	"0.05999946594"	"BUY"
"24.72999954"	"24.23999977"	"24.30999947"	"24.54999924"	1998465	"23.73026466"	"0.2399997711"	"23.73026466"	"24.20999908"	"0.3400001526"	"0.3400001526"	0	"0.2169792029"	"0.08802759675"	"71.13913629"	"0.2399997711"	"BUY"
"25.02000046"	"24.44000053"	"24.60000038"	"24.82999992"	2829011	"24.00091553"	"0.2299995422"	"24.00091553"	"24.54999924"	"0.2800006866"	"0.2800006866"	0	"0.2214969139"	"0.08171731625"	"73.04964341"	"0.2299995422"	"BUY"
"24.98999977"	"24.56999969"	"24.77000046"	"24.70999908"	2575096	"23.88492203"	"-0.06000137329"	"23.88492203"	"24.82999992"	"-0.1200008392"	0	"0.1200008392"	"0.2056229262"	"0.08446097602"	"70.88394931"	"-0.06000137329"	"SELL"
"24.79000092"	"24.02000046"	"24.39999962"	"24.29000092"	3183158	"23.47894859"	"-0.109998703"	"23.47894859"	"24.70999908"	"-0.4199981689"	0	"0.4199981689"	"0.190890088"	"0.1085021434"	"63.7591988"	"-0.109998703"	"SELL"
"24.20999908"	"23.29000092"	"23.86000061"	"23.54999924"	3063508	"22.76365471"	"-0.3100013733"	"22.76365471"	"24.29000092"	"-0.7400016785"	0	"0.7400016785"	"0.1772158794"	"0.1537389416"	"53.54684933"	"-0.3100013733"	"SELL"
"23.70000076"	"23.26000023"	"23.59000015"	"23.27000046"	2267394	"22.49300575"	"-0.3199996948"	"22.49300575"	"23.54999924"	"-0.2799987793"	0	"0.2799987793"	"0.1645238146"	"0.1627815739"	"50.26614911"	"-0.3199996948"	"SELL"
"23.54999924"	"23.26000023"	"23.26000023"	"23.37000084"	1722705	"22.58966637"	"0.1100006104"	"22.58966637"	"23.27000046"	"0.1000003815"	"0.1000003815"	0	"0.159903577"	"0.1511255054"	"51.41113357"	"0.1100006104"	"BUY"
"23.43000031"	"22.92000008"	"23.25"	"23.36000061"	2202585	"22.57999992"	"0.1100006104"	"22.57999992"	"23.37000084"	"-0.01000022888"	0	"0.01000022888"	"0.1484556154"	"0.1410219369"	"51.28398186"	"0.1100006104"	"BUY"
"23.10000038"	"22.60000038"	"22.95000076"	"22.89999962"	2322792	"22.89999962"	"-0.05000114441"	"22.89999962"	"23.36000061"	"-0.4600009918"	0	"0.4600009918"	"0.137828993"	"0.1638548218"	"45.68657191"	"-0.05000114441"	"SELL"
"22.86000061"	22/05/20	"22.78000069"	"22.63999939"	1447877	"22.63999939"	"-0.140001297"	"22.63999939"	"22.89999962"	"-0.2600002289"	0	"0.2600002289"	"0.1279645413"	"0.1707359699"	"42.8404159"	"-0.140001297"	"SELL"
"22.15999985"	"21.68000031"	"22.10000038"	"22.15999985"	2057375	"22.15999985"	"0.05999946594"	"22.15999985"	"22.63999939"	"-0.4799995422"	0	"0.4799995422"	"0.1188073878"	"0.1928668977"	"38.11908563"	"0.05999946594"	"BUY"
"22.22999954"	"21.62000084"	"22.02000046"	"21.76000023"	2170486	"21.76000023"	"-0.2600002289"	"21.76000023"	"22.15999985"	"-0.3999996185"	0	"0.3999996185"	"0.1103066389"	"0.2076873838"	"34.68827431"	"-0.2600002289"	"SELL"
"21.96999931"	"21.56999969"	"21.72999954"	"21.78000069"	1864781	"21.78000069"	"0.05000114441"	"21.78000069"	"21.76000023"	"0.02000045776"	"0.02000045776"	0	"0.1038459595"	"0.1928290254"	"35.00327455"	"0.05000114441"	"BUY"
"21.64999962"	"21.13999939"	21/05/20	"21.23999977"	2772657	"21.23999977"	"-0.2600002289"	"21.23999977"	"21.78000069"	"-0.5400009155"	0	"0.5400009155"	"0.09641746022"	"0.2176635606"	"30.69827651"	"-0.2600002289"	"SELL"
"21.64999962"	"20.92000008"	"21.38999939"	"21.15999985"	1925393	"21.15999985"	"-0.2299995422"	"21.15999985"	"21.23999977"	"-0.07999992371"	0	"0.07999992371"	"0.08952107588"	"0.2078169897"	"30.10750598"	"-0.2299995422"	"SELL"
"21.05999947"	"20.40999985"	"21.05999947"	"20.62000084"	2536090	"20.62000084"	"-0.4399986267"	"20.62000084"	"21.15999985"	"-0.5399990082"	0	"0.5399990082"	"0.08311859012"	"0.2315744192"	"26.41259502"	"-0.4399986267"	"SELL"
"21.06999969"	20/05/20	"20.72999954"	"21.06999969"	2938206	"21.06999969"	"0.3400001526"	"21.06999969"	"20.62000084"	"0.4499988556"	"0.4499988556"	0	"0.1093552336"	"0.2150138787"	"33.71320802"	"0.3400001526"	"BUY"
"21.57999992"	"20.71999931"	"21.21999931"	"21.40999985"	3131605	"21.40999985"	"0.1900005341"	"21.40999985"	"21.06999969"	"0.3400001526"	"0.3400001526"	0	"0.1258479133"	"0.1996389247"	"38.66451685"	"0.1900005341"	"BUY"
"21.39999962"	"20.89999962"	"21.38999939"	"21.36000061"	3130775	"21.36000061"	"-0.0299987793"	"21.36000061"	"21.40999985"	"-0.04999923706"	0	"0.04999923706"	"0.1168496359"	"0.1889395067"	"38.21248684"	"-0.0299987793"	"SELL"
"21.45000076"	"21.07999992"	"21.25"	"21.37000084"	2006345	"21.37000084"	"0.1200008392"	"21.37000084"	"21.36000061"	"0.01000022888"	"0.01000022888"	0	"0.1092103294"	"0.1754310854"	"38.3676878"	"0.1200008392"	"BUY"
"21.44000053"	"20.77000046"	"21.25"	21	1770612	21	"-0.25"	21	"21.37000084"	"-0.3700008392"	0	"0.3700008392"	"0.1014027529"	"0.1893411088"	"34.87700559"	"-0.25"	"SELL"
"21.36000061"	21	"21.12000084"	"21.29000092"	1979567	"21.29000092"	"0.1700000763"	"21.29000092"	21	"0.2900009155"	"0.2900009155"	0	"0.1148850158"	"0.1758057351"	"39.52138673"	"0.1700000763"	"BUY"
"21.34000015"	"20.84000015"	"21.28000069"	"20.87000084"	1706488	"20.87000084"	"-0.4099998474"	"20.87000084"	"21.29000092"	"-0.4200000763"	0	"0.4200000763"	"0.106672741"	"0.1932613712"	"35.56539142"	"-0.4099998474"	"SELL"
"20.82999992"	"20.35000038"	"20.53000069"	"20.48999977"	2563617	"20.48999977"	"-0.04000091553"	"20.48999977"	"20.87000084"	"-0.3800010681"	0	"0.3800010681"	"0.09904791227"	"0.2066092818"	"32.40490137"	"-0.04000091553"	"SELL"
"20.89999962"	"20.40999985"	"20.71999931"	"20.59000015"	2574444	"20.59000015"	"-0.1299991608"	"20.59000015"	"20.48999977"	"0.1000003815"	"0.1000003815"	0	"0.09911599012"	"0.1918418594"	"34.06541198"	"-0.1299991608"	"SELL"
"21.17000008"	"19.70499992"	"21.05999947"	"19.92000008"	3405000	"19.92000008"	"-1.13999939"	"19.92000008"	"20.59000015"	"-0.6700000763"	0	"0.6700000763"	"0.09203199292"	"0.2260166829"	"28.93644902"	"-1.13999939"	"SELL"
"20.89999962"	"20.05999947"	"20.05999947"	"20.84000015"	5475828	"20.84000015"	"0.7800006866"	"20.84000015"	"19.92000008"	"0.9200000763"	"0.9200000763"	0	"0.1512057962"	"0.2098635642"	"41.87721607"	"0.7800006866"	"BUY"
"20.72999954"	"20.22999954"	"20.70000076"	"20.32999992"	2996900	"20.32999992"	"-0.3700008392"	"20.32999992"	"20.84000015"	"-0.5100002289"	0	"0.5100002289"	"0.140399748"	"0.2313130809"	"37.77102566"	"-0.3700008392"	"SELL"
"20.54999924"	"20.01000023"	"20.45999908"	"20.10000038"	1398429	"20.10000038"	"-0.359998703"	"20.10000038"	"20.32999992"	"-0.2299995422"	0	"0.2299995422"	"0.1303663369"	"0.2312192113"	"36.05407837"	"-0.359998703"	"SELL"
"19.96999931"	"19.60499954"	"19.70000076"	"19.96999931"	2777530	"19.96999931"	"0.2699985504"	"19.96999931"	"20.10000038"	"-0.1300010681"	0	"0.1300010681"	"0.1210502675"	"0.2239860922"	"35.08333662"	"0.2699985504"	"BUY"
"19.97999954"	"19.51499939"	"19.79999924"	"19.97999954"	2049493	"19.97999954"	"0.1800003052"	"19.97999954"	"19.96999931"	"0.01000022888"	"0.01000022888"	0	"0.1131148092"	"0.2079804039"	"35.22780926"	"0.1800003052"	"BUY"
20/05/20	"19.75"	"19.75"	"20.45999908"	2672631	"20.45999908"	"0.7099990845"	"20.45999908"	"19.97999954"	"0.4799995422"	"0.4799995422"	0	"0.1393310239"	"0.1931189"	"41.91037925"	"0.7099990845"	"BUY"
"20.73999977"	"20.37999916"	"20.57999992"	"20.60000038"	2055977	"20.60000038"	"0.02000045776"	"20.60000038"	"20.45999908"	"0.140001297"	"0.140001297"	0	"0.1393789178"	"0.1793197258"	"43.73376561"	"0.02000045776"	"BUY"
"21.22999954"	"20.43000031"	"20.54999924"	"20.60000038"	3262053	"20.60000038"	"0.05000114441"	"20.60000038"	"20.60000038"	0	0	0	"0.1294199522"	"0.1665068915"	"43.73376561"	"0.05000114441"	"BUY"
"20.77000046"	"20.39999962"	"20.73999977"	"20.54000092"	1943023	"20.54000092"	"-0.1999988556"	"20.54000092"	"20.60000038"	"-0.05999946594"	0	"0.05999946594"	"0.1201727999"	"0.1588968563"	"43.06193712"	"-0.1999988556"	"SELL"
"20.96999931"	"20.70000076"	"20.79999924"	"20.87999916"	937994	"20.87999916"	"0.07999992371"	"20.87999916"	"20.54000092"	"0.3399982452"	"0.3399982452"	0	"0.1358791439"	"0.147543809"	"47.94218058"	"0.07999992371"	"BUY"
"21.12999916"	"20.92000008"	"20.95999908"	"21.12000084"	1929906	"21.12000084"	"0.1600017548"	"21.12000084"	"20.87999916"	"0.2400016785"	"0.2400016785"	0	"0.1433184586"	"0.1370021445"	"51.12662325"	"0.1600017548"	"BUY"
"21.09000015"	"20.73999977"	"20.92000008"	"20.79000092"	1774837	"20.79000092"	"-0.1299991608"	"20.79000092"	"21.12000084"	"-0.3299999237"	0	"0.3299999237"	"0.1330788814"	"0.1507911266"	"46.88021899"	"-0.1299991608"	"SELL"
"21.10000038"	"20.59000015"	"20.70999908"	"20.89999962"	1776807	"20.89999962"	"0.1900005341"	"20.89999962"	"20.79000092"	"0.109998703"	"0.109998703"	0	"0.1314299167"	"0.140017846"	"48.41812488"	"0.1900005341"	"BUY"
"20.88999939"	"20.35000038"	"20.86000061"	"20.71999931"	1459811	"20.71999931"	"-0.140001297"	"20.71999931"	"20.89999962"	"-0.1800003052"	0	"0.1800003052"	"0.1220400536"	"0.142874348"	"46.0677309"	"-0.140001297"	"SELL"
"20.94000053"	"20.57999992"	"20.75"	"20.82999992"	1251518	"20.82999992"	"0.07999992371"	"20.82999992"	"20.71999931"	"0.1100006104"	"0.1100006104"	0	"0.1211799223"	"0.1326670066"	"47.7373994"	"0.07999992371"	"BUY"
"21.79999924"	"21.26000023"	"21.43000031"	"21.37000084"	2603809	"21.37000084"	"-0.05999946594"	"21.36000061"	"20.82999992"	"0.5300006866"	"0.5300006866"	0	"0.1503868013"	"0.1231890408"	"54.97078988"	"-0.05999946594"	"SELL"
"21.87000084"	"21.46999931"	"21.48999977"	"21.52000046"	2366439	"21.52000046"	"0.03000068665"	"21.37000084"	"21.36000061"	"0.01000022888"	"0.01000022888"	0	"0.1403574685"	"0.1143883138"	"55.09707254"	"0.03000068665"	"BUY"
"21.68000031"	"21.36000061"	"21.52000046"	"21.68000031"	3895006	"21.68000031"	"0.1599998474"	"21.52000046"	"21.37000084"	"0.1499996185"	"0.1499996185"	0	"0.1410463032"	"0.1062164182"	"57.04309262"	"0.1599998474"	"BUY"
"21.72999954"	"21.37000084"	"21.54999924"	"21.38999939"	1338493	"21.38999939"	"-0.1599998474"	"21.68000031"	"21.52000046"	"0.1599998474"	"0.1599998474"	0	"0.1424003281"	"0.09862840879"	"59.08022833"	"-0.1599998474"	"SELL"
"21.40999985"	"21.04999924"	"21.18000031"	"21.10000038"	1551609	"21.10000038"	"-0.07999992371"	"21.38999939"	"21.68000031"	"-0.2900009155"	0	"0.2900009155"	"0.1322274788"	"0.1122997514"	"54.07474608"	"-0.07999992371"	"SELL"
"21.43000031"	"20.96999931"	"21.03000069"	"21.30999947"	1988759	"21.30999947"	"0.2799987793"	"21.10000038"	"21.38999939"	"-0.2899990082"	0	"0.2899990082"	"0.1227814541"	"0.1249941745"	"49.55348305"	"0.2799987793"	"BUY"
"21.75"	"21.40999985"	"21.45999908"	"21.55999947"	1756763	"21.55999947"	"0.1000003815"	"21.30999947"	"21.10000038"	"0.2099990845"	"0.2099990845"	0	"0.1290120228"	"0.1160649617"	"52.64142737"	"0.1000003815"	"BUY"
"21.70000076"	"21.32999992"	"21.62999916"	"21.67000008"	1869699	"21.67000008"	"0.04000091553"	"21.55999947"	"21.30999947"	"0.25"	"0.25"	0	"0.1376549716"	"0.1077736954"	"56.08756844"	"0.04000091553"	"BUY"
"22.29999924"	"21.65999985"	"22.06999969"	"21.65999985"	1695283	"21.65999985"	"-0.4099998474"	"21.67000008"	"21.55999947"	"0.1100006104"	"0.1100006104"	0	"0.1356794584"	"0.1000747882"	"57.55122564"	"-0.4099998474"	"SELL"
"21.81999969"	"21.53000069"	"21.72999954"	"21.77000046"	1636457	"21.77000046"	"0.04000091553"	"21.65999985"	"21.67000008"	"-0.01000022888"	0	"0.01000022888"	"0.1259871494"	"0.09364028092"	"57.364032"	"0.04000091553"	"BUY"
"22.15999985"	"21.67000008"	"21.71999931"	"22.01000023"	1611399	"22.01000023"	"0.2900009155"	"21.77000046"	"21.65999985"	"0.1100006104"	"0.1100006104"	0	"0.1248451532"	"0.08695110045"	"58.94587419"	"0.2900009155"	"BUY"
"22.22999954"	22	"22.02000046"	"22.03000069"	1046713	"22.03000069"	"0.01000022888"	"22.01000023"	"21.77000046"	"0.2399997711"	"0.2399997711"	0	"0.1330711556"	"0.08073979972"	"62.23776299"	"0.01000022888"	"BUY"
"22.12999916"	"21.88999939"	"22.12999916"	"22.04999924"	1384929	"22.04999924"	"-0.07999992371"	"22.03000069"	"22.01000023"	"0.02000045776"	"0.02000045776"	0	"0.124994064"	"0.07497223329"	"62.50756537"	"-0.07999992371"	"SELL"
"22.34000015"	"21.89999962"	"21.94000053"	"22.12999916"	1783254	"22.12999916"	"0.1899986267"	"22.04999924"	"22.03000069"	"0.01999855042"	"0.01999855042"	0	"0.1174938557"	"0.06961669621"	"62.79381601"	"0.1899986267"	"BUY"
"22.09000015"	"21.43000031"	"22.09000015"	"21.62000084"	2103570	"21.62000084"	"-0.4699993134"	"22.12999916"	"22.04999924"	"0.07999992371"	"0.07999992371"	0	"0.1148155424"	"0.06464374951"	"63.97859992"	"-0.4699993134"	"SELL"
"21.79999924"	"21.42000008"	"21.62000084"	"21.43000031"	1859955	"21.43000031"	"-0.1900005341"	"21.62000084"	"22.12999916"	"-0.5099983215"	0	"0.5099983215"	"0.1066139337"	"0.09645672417"	"52.50090525"	"-0.1900005341"	"SELL"
"21.77000046"	"21.39999962"	"21.55999947"	"21.62000084"	1976754	"21.62000084"	"0.06000137329"	"21.43000031"	"21.62000084"	"-0.1900005341"	0	"0.1900005341"	"0.09899822282"	"0.103138802"	"48.97579891"	"0.06000137329"	"BUY"
"22.27000046"	"21.32999992"	"21.32999992"	"22.03000069"	2247819	"22.03000069"	"0.7000007629"	"21.62000084"	"21.43000031"	"0.1900005341"	"0.1900005341"	0	"0.1054987286"	"0.0957713586"	"52.4164967"	"0.7000007629"	"BUY"
"22.42000008"	"22.01000023"	"22.01000023"	"22.22999954"	1674323	"22.22999954"	"0.2199993134"	"22.03000069"	"21.62000084"	"0.4099998474"	"0.4099998474"	0	"0.1272498671"	"0.08893021432"	"58.86290091"	"0.2199993134"	"BUY"
"22.47999954"	"22.04000092"	"22.45000076"	"22.31999969"	2201434	"22.31999969"	"-0.1300010681"	"22.22999954"	"22.03000069"	"0.1999988556"	"0.1999988556"	0	"0.1324464583"	"0.08257776907"	"61.59606288"	"-0.1300010681"	"SELL"
"22.35000038"	"22.04999924"	"22.21999931"	"22.09000015"	1186450	"22.09000015"	"-0.1299991608"	"22.31999969"	"22.22999954"	"0.09000015259"	"0.09000015259"	0	"0.1294144521"	"0.07667910946"	"62.79402962"	"-0.1299991608"	"SELL"
"22.03000069"	"21.62999916"	"21.81999969"	"21.93000031"	1487584	"21.93000031"	"0.1100006104"	"22.09000015"	"22.31999969"	"-0.2299995422"	0	"0.2299995422"	"0.1201702024"	"0.08763099571"	"57.82940787"	"0.1100006104"	"BUY"
"22.27000046"	"21.87999916"	"22.01000023"	"21.89999962"	1355304	"21.89999962"	"-0.1100006104"	"21.93000031"	"22.09000015"	"-0.1599998474"	0	"0.1599998474"	"0.1115863059"	"0.09280038645"	"54.59568069"	"-0.1100006104"	"SELL"
"22.04999924"	"21.73999977"	"21.76000023"	"21.90999985"	1388943	"21.90999985"	"0.1499996185"	"21.89999962"	"21.93000031"	"-0.03000068665"	0	"0.03000068665"	"0.1036155877"	"0.08831454289"	"53.98609764"	"0.1499996185"	"BUY"
"22.92000008"	"22.04000092"	"22.04999924"	"22.71999931"	2682789	"22.71999931"	"0.6700000763"	"21.90999985"	"21.89999962"	"0.01000022888"	"0.01000022888"	0	"0.09692856774"	"0.08200616444"	"54.16978949"	"0.6700000763"	"BUY"
"23.45999908"	"22.43000031"	"23.39999962"	"23.05999947"	4198206	"23.05999947"	"-0.3400001526"	"22.71999931"	"21.90999985"	"0.8099994659"	"0.8099994659"	0	"0.147863679"	"0.07614841156"	"66.0070082"	"-0.3400001526"	"SELL"
"23.59000015"	"22.72999954"	"23.44000053"	"23.04999924"	2639739	"23.04999924"	"-0.390001297"	"23.05999947"	"22.71999931"	"0.3400001526"	"0.3400001526"	0	"0.161588082"	"0.07070909298"	"69.56093289"	"-0.390001297"	"SELL"
"22.98999977"	"22.38999939"	"22.89999962"	22/05/20	1843633	22/05/20	"-0.3999996185"	"23.04999924"	"23.05999947"	"-0.01000022888"	0	"0.01000022888"	"0.1500457878"	"0.06637263722"	"69.3313371"	"-0.3999996185"	"SELL"
"22.45999908"	"21.88999939"	"22.45999908"	"22.09000015"	1758223	"22.09000015"	"-0.3699989319"	22/05/20	"23.04999924"	"-0.5499992371"	0	"0.5499992371"	"0.1393279829"	"0.1009181957"	"57.99383938"	"-0.3699989319"	"SELL"
"22.20999908"	"21.15999985"	"22.15999985"	"21.34000015"	2529614	"21.34000015"	"-0.8199996948"	"22.09000015"	22/05/20	"-0.4099998474"	0	"0.4099998474"	"0.1293757698"	"0.122995932"	"51.26397645"	"-0.8199996948"	"SELL"
"21.63999939"	"21.32999992"	"21.34000015"	"21.36000061"	2353505	"21.36000061"	"0.02000045776"	"21.34000015"	"22.09000015"	"-0.75"	0	"0.75"	"0.1201344585"	"0.1677828326"	"41.72533649"	"0.02000045776"	"BUY"
"21.46999931"	"20.94000053"	"21.29999924"	"21.14999962"	1660019	"21.14999962"	"-0.1499996185"	"21.36000061"	"21.34000015"	"0.02000045776"	"0.02000045776"	0	"0.1129818971"	"0.155798122"	"42.03508039"	"-0.1499996185"	"SELL"
"20.56999969"	"20.13999939"	"20.52000046"	"20.36000061"	2698423	"20.36000061"	"-0.1599998474"	"21.14999962"	"21.36000061"	"-0.2100009918"	0	"0.2100009918"	"0.1049116224"	"0.1596698223"	"39.65191985"	"-0.1599998474"	"SELL"
"20.23999977"	"19.63999939"	"20.12000084"	"19.89999962"	2131456	"19.89999962"	"-0.2200012207"	"20.36000061"	"21.14999962"	"-0.7899990082"	0	"0.7899990082"	"0.09741781509"	"0.2046940566"	"32.24560973"	"-0.2200012207"	"SELL"
"20.14999962"	"19.79500008"	"19.93499947"	"19.95499992"	2191491	"19.95499992"	"0.02000045776"	"19.89999962"	"20.36000061"	"-0.4600009918"	0	"0.4600009918"	"0.09045929626"	"0.2229305374"	"28.86478326"	"0.02000045776"	"BUY"
"21.27000046"	"19.31999969"	"20.12000084"	"19.79500008"	3695295	"19.79500008"	"-0.3250007629"	"19.95499992"	"19.89999962"	"0.05500030518"	"0.05500030518"	0	"0.08792647621"	"0.2070067077"	"29.8123375"	"-0.3250007629"	"SELL"
"20.37000084"	"19.88500023"	"20.27000046"	"20.21999931"	2219857	"20.21999931"	"-0.05000114441"	"19.79500008"	"19.95499992"	"-0.1599998474"	0	"0.1599998474"	"0.0816459331"	"0.2036490318"	"28.61807713"	"-0.05000114441"	"SELL"
"20.23999977"	"19.72999954"	"20.19000053"	"19.82999992"	1428183	"19.82999992"	"-0.3600006104"	"20.21999931"	"19.79500008"	"0.4249992371"	"0.4249992371"	0	"0.1061714611"	"0.1891024992"	"35.95693334"	"-0.3600006104"	"SELL"
"20.12999916"	"19.76499939"	"19.95999908"	"19.88500023"	1481532	"19.88500023"	"-0.07499885559"	"19.82999992"	"20.21999931"	"-0.3899993896"	0	"0.3899993896"	"0.09858770145"	"0.2034524357"	"32.64059617"	"-0.07499885559"	"SELL"
"20.19000053"	"19.34499931"	"19.79000092"	"19.83499908"	2208386	"19.83499908"	"0.04499816895"	"19.88500023"	"19.82999992"	"0.05500030518"	"0.05500030518"	0	"0.09547428404"	"0.1889199697"	"33.57110166"	"0.04499816895"	"BUY"
"19.91500092"	"19.14500046"	"19.875"	"19.25499916"	1848980	"19.25499916"	"-0.6200008392"	"19.83499908"	"19.88500023"	"-0.05000114441"	0	"0.05000114441"	"0.08865462732"	"0.1789971019"	"33.12312892"	"-0.6200008392"	"SELL"
"19.42000008"	"18.80500031"	"19.32999992"	"18.88500023"	2449709	"18.88500023"	"-0.4449996948"	"19.25499916"	"19.83499908"	"-0.5799999237"	0	"0.5799999237"	"0.08232209789"	"0.2076404141"	"28.39060033"	"-0.4449996948"	"SELL"
"19.03000069"	"18.80999947"	"18.97999954"	"19.00499916"	1772058	"19.00499916"	"0.02499961853"	"18.88500023"	"19.25499916"	"-0.3699989319"	0	"0.3699989319"	"0.07644189971"	"0.2192375464"	"25.85296364"	"0.02499961853"	"BUY"
"19.46999931"	"19.09000015"	"19.14500046"	"19.36499977"	1641098	"19.36499977"	"0.2199993134"	"19.00499916"	"18.88500023"	"0.1199989319"	"0.1199989319"	0	"0.07955314004"	"0.2035776022"	"28.09766944"	"0.2199993134"	"BUY"
"19.42000008"	"19.04000092"	"19.37999916"	"19.09499931"	1634968	"19.09499931"	"-0.2849998474"	"19.36499977"	"19.00499916"	"0.3600006104"	"0.3600006104"	0	"0.09958524417"	"0.1890362418"	"34.50375284"	"-0.2849998474"	"SELL"
"19.44499969"	"19.05999947"	"19.13999939"	"19.17499924"	1671315	"19.17499924"	"0.03499984741"	"19.09499931"	"19.36499977"	"-0.2700004578"	0	"0.2700004578"	"0.09247196563"	"0.1948194382"	"32.18751568"	"0.03499984741"	"BUY"
"19.48500061"	"19.08499908"	"19.09499931"	"19.23500061"	1427478	"19.23500061"	"0.140001297"	"19.17499924"	"19.09499931"	"0.07999992371"	"0.07999992371"	0	"0.09158110005"	"0.180903679"	"33.60962046"	"0.140001297"	"BUY"
"19.48500061"	"18.89500046"	"19.32500076"	"18.89500046"	1579078	"18.89500046"	"-0.4300003052"	"19.23500061"	"19.17499924"	"0.06000137329"	"0.06000137329"	0	"0.08932539248"	"0.1679819143"	"34.71545119"	"-0.4300003052"	"SELL"
"19.23500061"	"18.78499985"	"18.92499924"	"19.17499924"	1374396	"19.17499924"	"0.25"	"18.89500046"	"19.23500061"	"-0.3400001526"	0	"0.3400001526"	"0.08294497369"	"0.1802689961"	"31.51237519"	"0.25"	"BUY"
"19.69499969"	"18.98999977"	"19.24500084"	"19.69000053"	2933323	"19.69000053"	"0.4449996948"	"19.17499924"	"18.89500046"	"0.2799987793"	"0.2799987793"	0	"0.09702031438"	"0.1673925762"	"36.6927324"	"0.4449996948"	"BUY"
"19.73999977"	"19.40500069"	"19.56999969"	"19.61499977"	1664669	"19.61499977"	"0.04500007629"	"19.69000053"	"19.17499924"	"0.515001297"	"0.515001297"	0	"0.1268762345"	"0.1554359093"	"44.94182673"	"0.04500007629"	"BUY"
20	"19.38500023"	"19.51000023"	"19.96500015"	1585138	"19.96500015"	"0.4549999237"	"19.61499977"	"19.69000053"	"-0.07500076294"	0	"0.07500076294"	"0.1178136081"	"0.1496905175"	"44.04179107"	"0.4549999237"	"BUY"
20/05/20	"19.92000008"	20	"20.32999992"	2295458	"20.32999992"	"0.3299999237"	"19.96500015"	"19.61499977"	"0.3500003815"	"0.3500003815"	0	"0.1343984426"	"0.1389982958"	"49.15875858"	"0.3299999237"	"BUY"
"20.37999916"	"20.14999962"	"20.29999924"	"20.22999954"	1033958	"20.22999954"	"-0.06999969482"	"20.32999992"	"19.96500015"	"0.3649997711"	"0.3649997711"	0	"0.150870026"	"0.1290698099"	"53.89373237"	"-0.06999969482"	"SELL"
"20.30999947"	"19.82999992"	"20.11000061"	"20.21999931"	1658251	"20.21999931"	"0.109998703"	"20.22999954"	"20.32999992"	"-0.1000003815"	0	"0.1000003815"	"0.1400935591"	"0.1269934152"	"52.45241161"	"0.109998703"	"BUY"
"20.75"	"20.37999916"	"20.45000076"	"20.70999908"	1767976	"20.70999908"	"0.2599983215"	"20.21999931"	"20.22999954"	"-0.01000022888"	0	"0.01000022888"	"0.130086845"	"0.1186367328"	"52.30177457"	"0.2599983215"	"BUY"
"21.48999977"	"20.85000038"	"20.96999931"	"21.45999908"	2629160	"21.45999908"	"0.4899997711"	"20.70999908"	"20.21999931"	"0.4899997711"	"0.4899997711"	0	"0.155794986"	"0.1101626558"	"58.57887179"	"0.4899997711"	"BUY"
"22.20000076"	"21.52000046"	"21.54999924"	"22.10000038"	3559463	"22.10000038"	"0.5500011444"	"21.45999908"	"20.70999908"	"0.75"	"0.75"	0	"0.198238316"	"0.1022938734"	"65.96242367"	"0.5500011444"	"BUY"
"22.87000084"	"21.90999985"	"21.94000053"	"22.87000084"	2151574	"22.87000084"	"0.9300003052"	"22.10000038"	"21.45999908"	"0.640001297"	"0.640001297"	0	"0.2297928939"	"0.09498714979"	"70.75339091"	"0.9300003052"	"BUY"
"23.46999931"	"22.84000015"	"22.86000061"	"23.36000061"	4408354	"23.36000061"	"0.5"	"22.87000084"	"22.10000038"	"0.7700004578"	"0.7700004578"	0	"0.2683792385"	"0.08820233756"	"75.26447144"	"0.5"	"BUY"
"24.03000069"	"23.19000053"	23/05/20	"23.20999908"	3658442	"23.20999908"	"-0.2900009155"	"23.36000061"	"22.87000084"	"0.4899997711"	"0.4899997711"	0	"0.2842093108"	"0.08190215695"	"77.62917467"	"-0.2900009155"	"SELL"
"23.84000015"	"23.27000046"	"23.28000069"	"23.68000031"	3615288	"23.68000031"	"0.3999996185"	"23.20999908"	"23.36000061"	"-0.1500015259"	0	"0.1500015259"	"0.2639086049"	"0.08676640737"	"75.25731679"	"0.3999996185"	"BUY"
"24.11000061"	"23.55999947"	"23.60000038"	"24.05999947"	2822378	"24.05999947"	"0.4599990845"	"23.68000031"	"23.20999908"	"0.4700012207"	"0.4700012207"	0	"0.2786295335"	"0.08056879527"	"77.56983014"	"0.4599990845"	"BUY"
"24.13999939"	"23.45000076"	"23.81999969"	"23.95000076"	2130556	"23.95000076"	"0.1300010681"	"24.05999947"	"23.68000031"	"0.3799991608"	"0.3799991608"	0	"0.2858702337"	"0.07481387134"	"79.25778533"	"0.1300010681"	"BUY"
"23.85000038"	"23.32999992"	"23.44000053"	"23.56999969"	2580176	"23.56999969"	"0.1299991608"	"23.95000076"	"24.05999947"	"-0.109998703"	0	"0.109998703"	"0.2654508984"	"0.07732707765"	"77.44106009"	"0.1299991608"	"BUY"
"23.96999931"	"23.40999985"	"23.43000031"	"23.68000031"	2517271	"23.68000031"	"0.25"	"23.56999969"	"23.95000076"	"-0.3800010681"	0	"0.3800010681"	"0.2464900916"	"0.09894668072"	"71.35606611"	"0.25"	"BUY"
"24.19000053"	"23.54999924"	"23.64999962"	"24.01000023"	2988008	"24.01000023"	"0.3600006104"	"23.68000031"	"23.56999969"	"0.1100006104"	"0.1100006104"	0	"0.2367408295"	"0.09187905085"	"72.0409335"	"0.3600006104"	"BUY"
"24.21999931"	"23.96999931"	"24.03000069"	"24.02000046"	3899188	"24.02000046"	"-0.01000022888"	"24.01000023"	"23.68000031"	"0.3299999237"	"0.3299999237"	0	"0.2434022019"	"0.08531625305"	"74.04579762"	"-0.01000022888"	"SELL"
"23.94000053"	"22.87999916"	"23.86000061"	"23.04000092"	3181005	"23.04000092"	"-0.8199996948"	"24.02000046"	"24.01000023"	"0.01000022888"	"0.01000022888"	0	"0.2267306125"	"0.07922222768"	"74.10639246"	"-0.8199996948"	"SELL"
"23.18000031"	"22.80999947"	"22.96999931"	"22.92000008"	1924287	"22.92000008"	"-0.04999923706"	"23.04000092"	"24.02000046"	"-0.9799995422"	0	"0.9799995422"	"0.2105355507"	"0.1435635359"	"59.45667714"	"-0.04999923706"	"SELL"
"22.89999962"	"22.25"	"22.59000015"	"22.56999969"	2576050	"22.56999969"	"-0.02000045776"	"22.92000008"	"23.04000092"	"-0.1200008392"	0	"0.1200008392"	"0.1954972816"	"0.1418804844"	"57.94610708"	"-0.02000045776"	"SELL"
"23.07999992"	"22.40999985"	"22.57999992"	"22.70999908"	2121420	"22.70999908"	"0.1299991608"	"22.56999969"	"22.92000008"	"-0.3500003815"	0	"0.3500003815"	"0.1815331767"	"0.1567462056"	"53.66368338"	"0.1299991608"	"BUY"
"23.09000015"	"22.69000053"	"22.77000046"	23	2112126	23	"0.2299995422"	"22.70999908"	"22.56999969"	"0.1399993896"	"0.1399993896"	0	"0.1785664749"	"0.1455500381"	"55.09329755"	"0.2299995422"	"BUY"
"23.04999924"	"22.79000092"	23	"22.87999916"	2030231	"22.87999916"	"-0.1200008392"	23	"22.70999908"	"0.2900009155"	"0.2900009155"	0	"0.1865260844"	"0.1351535982"	"57.98503744"	"-0.1200008392"	"SELL"
"23.20000076"	"22.37999916"	"23.04999924"	"22.47999954"	2307751	"22.47999954"	"-0.5699996948"	"22.87999916"	23	"-0.1200008392"	0	"0.1200008392"	"0.1732027824"	"0.1340712575"	"56.36752864"	"-0.5699996948"	"SELL"
"22.48999977"	"21.70000076"	"22.39999962"	"21.70000076"	2496781	"21.70000076"	"-0.6999988556"	"22.47999954"	"22.87999916"	"-0.3999996185"	0	"0.3999996185"	"0.1608311463"	"0.1530661539"	"51.2368683"	"-0.6999988556"	"SELL"
"21.63999939"	"21.22999954"	"21.63999939"	"21.62000084"	1627276	"21.62000084"	"-0.01999855042"	"21.70000076"	"22.47999954"	"-0.7799987793"	0	"0.7799987793"	"0.1493431997"	"0.1978470854"	"43.01479797"	"-0.01999855042"	"SELL"
"21.95000076"	"21.29999924"	"21.78000069"	"21.62000084"	1874832	"21.62000084"	"-0.1599998474"	"21.62000084"	"21.70000076"	"-0.07999992371"	0	"0.07999992371"	"0.1386758217"	"0.1894294258"	"42.26565189"	"-0.1599998474"	"SELL"
"21.71999931"	"21.23999977"	"21.53000069"	"21.69000053"	1286348	"21.69000053"	"0.1599998474"	"21.62000084"	"21.62000084"	0	0	0	"0.1287704002"	"0.1758987448"	"42.26565189"	"0.1599998474"	"BUY"
"21.87000084"	"20.85000038"	"21.79999924"	"21.07999992"	3432202	"21.07999992"	"-0.7199993134"	"21.69000053"	"21.62000084"	"0.06999969482"	"0.06999969482"	0	"0.1245724905"	"0.1633345421"	"43.26830414"	"-0.7199993134"	"SELL"
"21.40999985"	"20.96999931"	"21.04999924"	"21.27000046"	2519346	"21.27000046"	"0.2200012207"	"21.07999992"	"21.69000053"	"-0.6100006104"	0	"0.6100006104"	"0.1156744511"	"0.1952392769"	"37.20467791"	"0.2200012207"	"BUY"
"22.09000015"	"21.21999931"	"21.31999969"	"22.01000023"	3192283	"22.01000023"	"0.6900005341"	"21.27000046"	"21.07999992"	"0.1900005341"	"0.1900005341"	0	"0.1209834594"	"0.1812936079"	"40.02402845"	"0.6900005341"	"BUY"
"23.09000015"	"22.01000023"	"22.21999931"	"23.03000069"	3775866	"23.03000069"	"0.8100013733"	"22.01000023"	"21.27000046"	"0.7399997711"	"0.7399997711"	0	"0.165198929"	"0.168344059"	"49.52852704"	"0.8100013733"	"BUY"
"22.94000053"	"22.27000046"	"22.87000084"	"22.82999992"	1478024	"22.82999992"	"-0.04000091553"	"23.03000069"	"22.01000023"	"1.020000458"	"1.020000458"	0	"0.2262562051"	"0.1563194786"	"59.1402472"	"-0.04000091553"	"SELL"
"23.48999977"	"22.81999969"	"22.95000076"	"23.47999954"	2990289	"23.47999954"	"0.5299987793"	"22.82999992"	"23.03000069"	"-0.2000007629"	0	"0.2000007629"	"0.2100950417"	"0.1594395715"	"56.85395473"	"0.5299987793"	"BUY"
"23.81999969"	"22.96999931"	"23.35000038"	"23.75"	3088787	"23.75"	"0.3999996185"	"23.47999954"	"22.82999992"	"0.6499996185"	"0.6499996185"	0	"0.2415168079"	"0.1480510268"	"61.9960855"	"0.3999996185"	"BUY"
"24.22999954"	"23.22999954"	"23.32999992"	"24.05999947"	3377538	"24.05999947"	"0.7299995422"	"23.75"	"23.47999954"	"0.2700004578"	"0.2700004578"	0	"0.2435513549"	"0.1374759501"	"63.91965922"	"0.7299995422"	"BUY"
"23.94000053"	"22.94000053"	"23.36000061"	"23.65999985"	3045615	"23.65999985"	"0.2999992371"	"24.05999947"	"23.75"	"0.3099994659"	"0.3099994659"	0	"0.24829765"	"0.1276562365"	"66.0447089"	"0.2999992371"	"BUY"
"24.01000023"	"23.65999985"	"23.75"	"23.73999977"	1926017	"23.73999977"	"-0.01000022888"	"23.65999985"	"24.05999947"	"-0.3999996185"	0	"0.3999996185"	"0.2305620987"	"0.1471093406"	"61.04832792"	"-0.01000022888"	"SELL"
"24.04000092"	"23.54999924"	"23.77000046"	"24.04000092"	2078279	"24.04000092"	"0.2700004578"	"23.73999977"	"23.65999985"	"0.07999992371"	"0.07999992371"	0	"0.2198076549"	"0.1366015279"	"61.67283716"	"0.2700004578"	"BUY"
"24.86000061"	"23.54999924"	"23.55999947"	"24.81999969"	4625883	"24.81999969"	"1.260000229"	"24.04000092"	"23.73999977"	"0.3000011444"	"0.3000011444"	0	"0.2255357627"	"0.1268442736"	"64.00355851"	"1.260000229"	"BUY"
"25.34000015"	"24.76000023"	"24.89999962"	"25.04000092"	3882535	"25.04000092"	"0.140001297"	"24.81999969"	"24.04000092"	"0.7799987793"	"0.7799987793"	0	"0.2651402725"	"0.1177839664"	"69.24092172"	"0.140001297"	"BUY"
"25.12000084"	"24.55999947"	"24.84000015"	"24.84000015"	2389222	"24.84000015"	0	"25.04000092"	"24.81999969"	"0.2200012207"	"0.2200012207"	0	"0.2619160538"	"0.1093708242"	"70.54277146"	0	"SELL"
"25.18000031"	"24.79999924"	"24.89999962"	"24.86000061"	2496725	"24.86000061"	"-0.03999900818"	"24.84000015"	"25.04000092"	"-0.2000007629"	0	"0.2000007629"	"0.2432077608"	"0.1158443925"	"67.7360541"	"-0.03999900818"	"SELL"
"25.02000046"	"24.65999985"	"24.79999924"	"24.92000008"	2028824	"24.92000008"	"0.1200008392"	"24.86000061"	"24.84000015"	"0.02000045776"	"0.02000045776"	0	"0.2272643792"	"0.1075697916"	"67.87371154"	"0.1200008392"	"BUY"
"27.05999947"	"25.45000076"	"26.11000061"	"26.04999924"	10509826	"26.04999924"	"-0.06000137329"	"24.92000008"	"24.86000061"	"0.05999946594"	"0.05999946594"	0	"0.2153168835"	"0.09988623378"	"68.31051842"	"-0.06000137329"	"SELL"
"24.79999924"	"22.32999992"	"24.75"	"22.70000076"	16648477	"22.70000076"	"-2.049999237"	"26.04999924"	"24.92000008"	"1.129999161"	"1.129999161"	0	"0.2806513417"	"0.09275150172"	"75.16047257"	"-2.049999237"	"SELL"
"23.56999969"	"22.55999947"	"22.73999977"	"23.36000061"	6531699	"23.36000061"	"0.6200008392"	"22.70000076"	"26.04999924"	"-3.349998474"	0	"3.349998474"	"0.2606048145"	"0.3254120322"	"44.47053288"	"0.6200008392"	"BUY"
"24.63999939"	"23.70000076"	"23.70000076"	"24.14999962"	6210082	"24.14999962"	"0.4499988556"	"23.36000061"	"22.70000076"	"0.6599998474"	"0.6599998474"	0	"0.2891330348"	"0.3021683126"	"48.89774665"	"0.4499988556"	"BUY"
"24.53000069"	"24.03000069"	"24.31999969"	"24.40999985"	3241932	"24.40999985"	"0.09000015259"	"24.14999962"	"23.36000061"	"0.7899990082"	"0.7899990082"	0	"0.32490918"	"0.2805848591"	"53.66017814"	"0.09000015259"	"BUY"
"24.54000092"	"23.87999916"	24/05/20	24	3394795	24	"-0.5"	"24.40999985"	"24.14999962"	"0.2600002289"	"0.2600002289"	0	"0.3202728259"	"0.2605430812"	"55.14188264"	"-0.5"	"SELL"
"24.45000076"	"23.95999908"	"24.17000008"	24	3373653	24	"-0.1700000763"	24	"24.40999985"	"-0.4099998474"	0	"0.4099998474"	"0.2973961931"	"0.2712185656"	"52.30187724"	"-0.1700000763"	"SELL"
"24.12999916"	"23.77000046"	"23.93000031"	"24.12000084"	2368727	"24.12000084"	"0.1900005341"	24	24	0	0	0	"0.2761536058"	"0.2518458091"	"52.30187724"	"0.1900005341"	"BUY"
"24.15999985"	"23.78000069"	"24.06999969"	"24.01000023"	2559080	"24.01000023"	"-0.05999946594"	"24.12000084"	24	"0.1200008392"	"0.1200008392"	0	"0.2649998358"	"0.2338568211"	"53.12143922"	"-0.05999946594"	"SELL"
"24.53000069"	"24.04000092"	"24.19000053"	"24.30999947"	3214065	"24.30999947"	"0.1199989319"	"24.01000023"	"24.12000084"	"-0.1100006104"	0	"0.1100006104"	"0.2460712745"	"0.2250099482"	"52.2354241"	"0.1199989319"	"BUY"
"24.35000038"	"23.63999939"	"24.32999992"	"23.79999924"	2461796	"23.79999924"	"-0.5300006866"	"24.30999947"	"24.01000023"	"0.2999992371"	"0.2999992371"	0	"0.2499232721"	"0.2089378078"	"54.4659992"	"-0.5300006866"	"SELL"
"23.96999931"	"23.45999908"	"23.67000008"	"23.62999916"	2498236	"23.62999916"	"-0.04000091553"	"23.79999924"	"24.30999947"	"-0.5100002289"	0	"0.5100002289"	"0.2320716086"	"0.230442268"	"50.17613964"	"-0.04000091553"	"SELL"
"24.07999992"	"23.70999908"	"23.94000053"	"23.79000092"	2174835	"23.79000092"	"-0.1499996185"	"23.62999916"	"23.79999924"	"-0.1700000763"	0	"0.1700000763"	"0.215495064"	"0.2261249683"	"48.79648753"	"-0.1499996185"	"SELL"
"23.62000084"	"22.79999924"	"23.38999939"	"23.01000023"	3921504	"23.01000023"	"-0.3799991608"	"23.79000092"	"23.62999916"	"0.1600017548"	"0.1600017548"	0	"0.2115312559"	"0.2099731838"	"50.18482274"	"-0.3799991608"	"SELL"
"23.30999947"	"22.67000008"	"23.12000084"	"22.70000076"	3482321	"22.70000076"	"-0.4200000763"	"23.01000023"	"23.79000092"	"-0.7800006866"	0	"0.7800006866"	"0.1964218796"	"0.2506894364"	"43.93131478"	"-0.4200000763"	"SELL"
"22.61000061"	"22.37000084"	"22.52000046"	22/05/20	3225230	22/05/20	"-0.02000045776"	"22.70000076"	"23.01000023"	"-0.3099994659"	0	"0.3099994659"	"0.1823917446"	"0.2549258673"	"41.70692871"	"-0.02000045776"	"SELL"
"22.82999992"	22	"22.30999947"	"22.46999931"	5674751	"22.46999931"	"0.1599998474"	22/05/20	"22.70000076"	"-0.2000007629"	0	"0.2000007629"	"0.1693637622"	"0.2510026453"	"40.28955673"	"0.1599998474"	"BUY"
"22.71999931"	"22.27000046"	"22.31999969"	"22.54999924"	3074810	"22.54999924"	"0.2299995422"	"22.46999931"	22/05/20	"-0.03000068665"	0	"0.03000068665"	"0.1572663501"	"0.2352167904"	"40.06958105"	"0.2299995422"	"BUY"
"22.85000038"	"22.39999962"	"22.79999924"	"22.39999962"	2042092	"22.39999962"	"-0.3999996185"	"22.54999924"	"22.46999931"	"0.07999992371"	"0.07999992371"	0	"0.1517473194"	"0.2184155904"	"40.99473918"	"-0.3999996185"	"SELL"
"22.60000038"	"22.22999954"	22/05/20	"22.25"	2851024	"22.25"	"-0.25"	"22.39999962"	"22.54999924"	"-0.1499996185"	0	"0.1499996185"	"0.1409082247"	"0.2135287351"	"39.75551105"	"-0.25"	"SELL"
"22.63999939"	"22.26000023"	"22.45999908"	"22.43000031"	2235825	"22.43000031"	"-0.0299987793"	"22.25"	"22.39999962"	"-0.1499996185"	0	"0.1499996185"	"0.1308433512"	"0.2089909409"	"38.50210359"	"-0.0299987793"	"SELL"
"22.42000008"	"22.12000084"	"22.35000038"	"22.23999977"	1112428	"22.23999977"	"-0.1100006104"	"22.43000031"	"22.25"	"0.1800003052"	"0.1800003052"	0	"0.1343545623"	"0.194063016"	"40.9096745"	"-0.1100006104"	"SELL"
"22.29999924"	"21.92000008"	"22.10000038"	"21.92000008"	1877920	"21.92000008"	"-0.1800003052"	"22.23999977"	"22.43000031"	"-0.1900005341"	0	"0.1900005341"	"0.1247578075"	"0.1937728387"	"39.16665759"	"-0.1800003052"	"SELL"
"22.12999916"	"21.45000076"	"21.98999977"	"21.53000069"	3310869	"21.53000069"	"-0.4599990845"	"21.92000008"	"22.23999977"	"-0.3199996948"	0	"0.3199996948"	"0.1158465353"	"0.202789043"	"36.35706217"	"-0.4599990845"	"SELL"
"21.67000008"	"21.06999969"	"21.52000046"	"21.14999962"	3318755	"21.14999962"	"-0.3700008392"	"21.53000069"	"21.92000008"	"-0.3899993896"	0	"0.3899993896"	"0.1075717826"	"0.216161211"	"33.22855091"	"-0.3700008392"	"SELL"
"21.53000069"	"21.18000031"	"21.18000031"	"21.45999908"	3200205	"21.45999908"	"0.2799987793"	"21.14999962"	"21.53000069"	"-0.3800010681"	0	"0.3800010681"	"0.09988808361"	"0.2278640582"	"30.47671422"	"0.2799987793"	"BUY"
"21.57999992"	"21.23999977"	"21.45000076"	"21.23999977"	2114243	"21.23999977"	"-0.2100009918"	"21.45999908"	"21.14999962"	"0.3099994659"	"0.3099994659"	0	"0.1148960398"	"0.2115880537"	"35.19192577"	"-0.2100009918"	"SELL"
"21.54000092"	"21.01000023"	"21.38999939"	"21.51000023"	2789938	"21.51000023"	"0.1200008392"	"21.23999977"	"21.45999908"	"-0.2199993134"	0	"0.2199993134"	"0.1066891797"	"0.2121888579"	"33.45767569"	"0.1200008392"	"BUY"
"21.62000084"	"20.93000031"	"21.54999924"	"21.11000061"	2787291	"21.11000061"	"-0.4399986267"	"21.51000023"	"21.23999977"	"0.2700004578"	"0.2700004578"	0	"0.1183542712"	"0.1970325106"	"37.52670626"	"-0.4399986267"	"SELL"
"21.05999947"	"20.82999992"	21	"20.93000031"	2400833	"20.93000031"	"-0.06999969482"	"21.11000061"	"21.51000023"	"-0.3999996185"	0	"0.3999996185"	"0.1099003945"	"0.2115301615"	"34.19102275"	"-0.06999969482"	"SELL"
"21.19000053"	"20.87000084"	"20.98999977"	"20.92000008"	2094744	"20.92000008"	"-0.06999969482"	"20.93000031"	"21.11000061"	"-0.1800003052"	0	"0.1800003052"	"0.1020503662"	"0.2092780288"	"32.77901015"	"-0.06999969482"	"SELL"
"21.55999947"	"20.89999962"	"20.92000008"	"21.40999985"	3209980	"21.40999985"	"0.4899997711"	"20.92000008"	"20.93000031"	"-0.01000022888"	0	"0.01000022888"	"0.09476105422"	"0.1950439"	"32.69821748"	"0.4899997711"	"BUY"
"22.29000092"	"21.73999977"	"21.89999962"	"21.88999939"	5378352	"21.88999939"	"-0.01000022888"	"21.40999985"	"20.92000008"	"0.4899997711"	"0.4899997711"	0	"0.1229923916"	"0.1811121927"	"40.44410967"	"-0.01000022888"	"SELL"
"22.15999985"	"21.75"	"22.12999916"	"21.92000008"	2994777	"21.92000008"	"-0.2099990845"	"21.88999939"	"21.40999985"	"0.4799995422"	"0.4799995422"	0	"0.1484929027"	"0.1681756073"	"46.89222262"	"-0.2099990845"	"SELL"
"22.11000061"	"21.56999969"	"21.87999916"	"22.11000061"	3337851	"22.11000061"	"0.2300014496"	"21.92000008"	"21.88999939"	"0.03000068665"	"0.03000068665"	0	"0.1400291729"	"0.1561630638"	"47.27644939"	"0.2300014496"	"BUY"
"23.11000061"	"22.31999969"	23	"22.40999985"	5081239	"22.40999985"	"-0.5900001526"	"22.11000061"	"21.92000008"	"0.1900005341"	"0.1900005341"	0	"0.1435985558"	"0.1450085591"	"49.75572272"	"-0.5900001526"	"SELL"
"22.59000015"	"22.12999916"	"22.54999924"	"22.29999924"	4253748	"22.29999924"	"-0.25"	"22.40999985"	"22.11000061"	"0.2999992371"	"0.2999992371"	0	"0.1547700332"	"0.1346508048"	"53.475774"	"-0.25"	"SELL"
"22.39999962"	"22.14999962"	"22.28000069"	"22.26000023"	4482956	"22.26000023"	"-0.02000045776"	"22.29999924"	"22.40999985"	"-0.1100006104"	0	"0.1100006104"	"0.1437150307"	"0.1328900766"	"51.9567524"	"-0.02000045776"	"SELL"
"22.15999985"	"21.78000069"	"22.13999939"	"21.98999977"	2169407	"21.98999977"	"-0.1499996185"	"22.26000023"	"22.29999924"	"-0.03999900818"	0	"0.03999900818"	"0.1334496713"	"0.1262550002"	"51.38516397"	"-0.1499996185"	"SELL"
22	"21.77000046"	22	"21.82999992"	468961	"21.82999992"	"-0.1700000763"	"21.98999977"	"22.26000023"	"-0.2700004578"	0	"0.2700004578"	"0.1239175518"	"0.136522533"	"47.58006123"	"-0.1700000763"	"SELL"
"21.82999992"	"21.82999992"	"21.82999992"	"21.82999992"	0	"21.82999992"	0	"21.82999992"	"21.98999977"	"-0.1599998474"	0	"0.1599998474"	"0.115066298"	"0.138199484"	"45.43302183"	0	"SELL"
22	"21.79999924"	"21.80999947"	"21.81999969"	1623781	"21.81999969"	"0.01000022888"	"21.82999992"	"21.82999992"	0	0	0	"0.1068472767"	"0.1283280922"	"45.43302183"	"0.01000022888"	"BUY"
"21.79999924"	"21.54000092"	"21.73999977"	"21.56999969"	1533144	"21.56999969"	"-0.1700000763"	"21.81999969"	"21.82999992"	"-0.01000022888"	0	"0.01000022888"	"0.0992153283"	"0.1198761019"	"45.2848969"	"-0.1700000763"	"SELL"
"21.54999924"	"21.29999924"	21/05/20	"21.29999924"	860560	"21.29999924"	"-0.2000007629"	"21.56999969"	"21.81999969"	"-0.25"	0	"0.25"	"0.09212851909"	"0.1291706661"	"41.63075386"	"-0.2000007629"	"SELL"
"22.01000023"	"21.40999985"	"21.40999985"	"21.73999977"	1877667	"21.73999977"	"0.3299999237"	"21.29999924"	"21.56999969"	"-0.2700004578"	0	"0.2700004578"	"0.08554791054"	"0.139229937"	"38.05887078"	"0.3299999237"	"BUY"
							"21.73999977"	"21.29999924"	"0.4400005341"	"0.4400005341"	0	"0.1108659552"	"0.1292849415"	"46.16512233"	0	"SELL"
